22:52:40|INFO   |rows 6000; pending {'primary': 6000, 'second': 948, 'trunc': 800}; spent $0.000
22:52:40|WARNING|key check failed: HTTP Error 403: Forbidden
22:52:40|INFO   |6000 jobs, 6000 to do; spent $0.000 (second $0.000)
22:52:51|ERROR  |key limit reached: {"error":{"message":"Key limit exceeded (daily limit). Manage it using https://openrouter.ai/workspaces/default/keys/e7403e92cf99551168b0d12a4938314b8
22:52:51|ERROR  |key limit reached: {"error":{"message":"Key limit exceeded (daily limit). Manage it using https://openrouter.ai/workspaces/default/keys/e7403e92cf99551168b0d12a4938314b8
22:52:51|ERROR  |key limit reached: {"error":{"message":"Key limit exceeded (daily limit). Manage it using https://openrouter.ai/workspaces/default/keys/e7403e92cf99551168b0d12a4938314b8
22:52:51|ERROR  |key limit reached: {"error":{"message":"Key limit exceeded (daily limit). Manage it using https://openrouter.ai/workspaces/default/keys/e7403e92cf99551168b0d12a4938314b8
22:52:51|ERROR  |key limit reached: {"error":{"message":"Key limit exceeded (daily limit). Manage it using https://openrouter.ai/workspaces/default/keys/e7403e92cf99551168b0d12a4938314b8
22:52:51|ERROR  |key limit reached: {"error":{"message":"Key limit exceeded (daily limit). Manage it using https://openrouter.ai/workspaces/default/keys/e7403e92cf99551168b0d12a4938314b8
22:52:51|ERROR  |key limit reached: {"error":{"message":"Key limit exceeded (daily limit). Manage it using https://openrouter.ai/workspaces/default/keys/e7403e92cf99551168b0d12a4938314b8
22:52:51|ERROR  |key limit reached: {"error":{"message":"Key limit exceeded (daily limit). Manage it using https://openrouter.ai/workspaces/default/keys/e7403e92cf99551168b0d12a4938314b8
22:52:51|ERROR  |key limit reached: {"error":{"message":"Key limit exceeded (daily limit). Manage it using https://openrouter.ai/workspaces/default/keys/e7403e92cf99551168b0d12a4938314b8
22:52:51|ERROR  |key limit reached: {"error":{"message":"Key limit exceeded (daily limit). Manage it using https://openrouter.ai/workspaces/default/keys/e7403e92cf99551168b0d12a4938314b8
22:52:51|ERROR  |key limit reached: {"error":{"message":"Key limit exceeded (daily limit). Manage it using https://openrouter.ai/workspaces/default/keys/e7403e92cf99551168b0d12a4938314b8
22:52:51|ERROR  |key limit reached: {"error":{"message":"Key limit exceeded (daily limit). Manage it using https://openrouter.ai/workspaces/default/keys/e7403e92cf99551168b0d12a4938314b8
22:52:51|ERROR  |key limit reached: {"error":{"message":"Key limit exceeded (daily limit). Manage it using https://openrouter.ai/workspaces/default/keys/e7403e92cf99551168b0d12a4938314b8
22:52:51|ERROR  |key limit reached: {"error":{"message":"Key limit exceeded (daily limit). Manage it using https://openrouter.ai/workspaces/default/keys/e7403e92cf99551168b0d12a4938314b8
22:52:51|ERROR  |key limit reached: {"error":{"message":"Key limit exceeded (daily limit). Manage it using https://openrouter.ai/workspaces/default/keys/e7403e92cf99551168b0d12a4938314b8
22:52:51|ERROR  |key limit reached: {"error":{"message":"Key limit exceeded (daily limit). Manage it using https://openrouter.ai/workspaces/default/keys/e7403e92cf99551168b0d12a4938314b8
22:52:51|ERROR  |key limit reached: {"error":{"message":"Key limit exceeded (daily limit). Manage it using https://openrouter.ai/workspaces/default/keys/e7403e92cf99551168b0d12a4938314b8
22:52:51|ERROR  |key limit reached: {"error":{"message":"Key limit exceeded (daily limit). Manage it using https://openrouter.ai/workspaces/default/keys/e7403e92cf99551168b0d12a4938314b8
22:52:51|ERROR  |key limit reached: {"error":{"message":"Key limit exceeded (daily limit). Manage it using https://openrouter.ai/workspaces/default/keys/e7403e92cf99551168b0d12a4938314b8
22:52:51|ERROR  |key limit reached: {"error":{"message":"Key limit exceeded (daily limit). Manage it using https://openrouter.ai/workspaces/default/keys/e7403e92cf99551168b0d12a4938314b8
22:52:51|ERROR  |key limit reached: {"error":{"message":"Key limit exceeded (daily limit). Manage it using https://openrouter.ai/workspaces/default/keys/e7403e92cf99551168b0d12a4938314b8
22:52:51|ERROR  |key limit reached: {"error":{"message":"Key limit exceeded (daily limit). Manage it using https://openrouter.ai/workspaces/default/keys/e7403e92cf99551168b0d12a4938314b8
22:53:01|ERROR  |key limit reached: {"error":{"message":"Key limit exceeded (daily limit). Manage it using https://openrouter.ai/workspaces/default/keys/e7403e92cf99551168b0d12a4938314b8
22:53:01|ERROR  |key limit reached: {"error":{"message":"Key limit exceeded (daily limit). Manage it using https://openrouter.ai/workspaces/default/keys/e7403e92cf99551168b0d12a4938314b8
22:53:01|INFO   |batch finished: 26 calls; spent $0.000; stop=True
22:53:01|INFO   |800 jobs, 800 to do; spent $0.000 (second $0.000)
22:53:01|ERROR  |key limit reached: {"error":{"message":"Key limit exceeded (daily limit). Manage it using https://openrouter.ai/workspaces/default/keys/e7403e92cf99551168b0d12a4938314b8
22:53:01|ERROR  |key limit reached: {"error":{"message":"Key limit exceeded (daily limit). Manage it using https://openrouter.ai/workspaces/default/keys/e7403e92cf99551168b0d12a4938314b8
22:53:01|ERROR  |key limit reached: {"error":{"message":"Key limit exceeded (daily limit). Manage it using https://openrouter.ai/workspaces/default/keys/e7403e92cf99551168b0d12a4938314b8
22:53:01|ERROR  |key limit reached: {"error":{"message":"Key limit exceeded (daily limit). Manage it using https://openrouter.ai/workspaces/default/keys/e7403e92cf99551168b0d12a4938314b8
22:53:01|ERROR  |key limit reached: {"error":{"message":"Key limit exceeded (daily limit). Manage it using https://openrouter.ai/workspaces/default/keys/e7403e92cf99551168b0d12a4938314b8
22:53:01|ERROR  |key limit reached: {"error":{"message":"Key limit exceeded (daily limit). Manage it using https://openrouter.ai/workspaces/default/keys/e7403e92cf99551168b0d12a4938314b8
22:53:01|ERROR  |key limit reached: {"error":{"message":"Key limit exceeded (daily limit). Manage it using https://openrouter.ai/workspaces/default/keys/e7403e92cf99551168b0d12a4938314b8
22:53:01|ERROR  |key limit reached: {"error":{"message":"Key limit exceeded (daily limit). Manage it using https://openrouter.ai/workspaces/default/keys/e7403e92cf99551168b0d12a4938314b8
22:53:01|ERROR  |key limit reached: {"error":{"message":"Key limit exceeded (daily limit). Manage it using https://openrouter.ai/workspaces/default/keys/e7403e92cf99551168b0d12a4938314b8
22:53:01|ERROR  |key limit reached: {"error":{"message":"Key limit exceeded (daily limit). Manage it using https://openrouter.ai/workspaces/default/keys/e7403e92cf99551168b0d12a4938314b8
22:53:01|ERROR  |key limit reached: {"error":{"message":"Key limit exceeded (daily limit). Manage it using https://openrouter.ai/workspaces/default/keys/e7403e92cf99551168b0d12a4938314b8
22:53:01|ERROR  |key limit reached: {"error":{"message":"Key limit exceeded (daily limit). Manage it using https://openrouter.ai/workspaces/default/keys/e7403e92cf99551168b0d12a4938314b8
22:53:01|ERROR  |key limit reached: {"error":{"message":"Key limit exceeded (daily limit). Manage it using https://openrouter.ai/workspaces/default/keys/e7403e92cf99551168b0d12a4938314b8
22:53:01|ERROR  |key limit reached: {"error":{"message":"Key limit exceeded (daily limit). Manage it using https://openrouter.ai/workspaces/default/keys/e7403e92cf99551168b0d12a4938314b8
22:53:01|ERROR  |key limit reached: {"error":{"message":"Key limit exceeded (daily limit). Manage it using https://openrouter.ai/workspaces/default/keys/e7403e92cf99551168b0d12a4938314b8
22:53:01|ERROR  |key limit reached: {"error":{"message":"Key limit exceeded (daily limit). Manage it using https://openrouter.ai/workspaces/default/keys/e7403e92cf99551168b0d12a4938314b8
22:53:01|ERROR  |key limit reached: {"error":{"message":"Key limit exceeded (daily limit). Manage it using https://openrouter.ai/workspaces/default/keys/e7403e92cf99551168b0d12a4938314b8
22:53:01|ERROR  |key limit reached: {"error":{"message":"Key limit exceeded (daily limit). Manage it using https://openrouter.ai/workspaces/default/keys/e7403e92cf99551168b0d12a4938314b8
22:53:01|ERROR  |key limit reached: {"error":{"message":"Key limit exceeded (daily limit). Manage it using https://openrouter.ai/workspaces/default/keys/e7403e92cf99551168b0d12a4938314b8
22:53:03|ERROR  |key limit reached: {"error":{"message":"Key limit exceeded (daily limit). Manage it using https://openrouter.ai/workspaces/default/keys/e7403e92cf99551168b0d12a4938314b8
22:53:08|ERROR  |key limit reached: {"error":{"message":"Key limit exceeded (daily limit). Manage it using https://openrouter.ai/workspaces/default/keys/e7403e92cf99551168b0d12a4938314b8
22:53:11|ERROR  |key limit reached: {"error":{"message":"Key limit exceeded (daily limit). Manage it using https://openrouter.ai/workspaces/default/keys/e7403e92cf99551168b0d12a4938314b8
22:53:11|ERROR  |key limit reached: {"error":{"message":"Key limit exceeded (daily limit). Manage it using https://openrouter.ai/workspaces/default/keys/e7403e92cf99551168b0d12a4938314b8
22:53:11|ERROR  |key limit reached: {"error":{"message":"Key limit exceeded (daily limit). Manage it using https://openrouter.ai/workspaces/default/keys/e7403e92cf99551168b0d12a4938314b8
22:53:11|INFO   |batch finished: 26 calls; spent $0.000; stop=True
22:53:11|INFO   |948 jobs, 948 to do; spent $0.000 (second $0.000)
22:53:11|ERROR  |key limit reached: {"error":{"message":"Key limit exceeded (daily limit). Manage it using https://openrouter.ai/workspaces/default/keys/e7403e92cf99551168b0d12a4938314b8
22:53:11|ERROR  |key limit reached: {"error":{"message":"Key limit exceeded (daily limit). Manage it using https://openrouter.ai/workspaces/default/keys/e7403e92cf99551168b0d12a4938314b8
22:53:11|ERROR  |key limit reached: {"error":{"message":"Key limit exceeded (daily limit). Manage it using https://openrouter.ai/workspaces/default/keys/e7403e92cf99551168b0d12a4938314b8
22:53:11|ERROR  |key limit reached: {"error":{"message":"Key limit exceeded (daily limit). Manage it using https://openrouter.ai/workspaces/default/keys/e7403e92cf99551168b0d12a4938314b8
22:53:11|ERROR  |key limit reached: {"error":{"message":"Key limit exceeded (daily limit). Manage it using https://openrouter.ai/workspaces/default/keys/e7403e92cf99551168b0d12a4938314b8
22:53:12|ERROR  |key limit reached: {"error":{"message":"Key limit exceeded (daily limit). Manage it using https://openrouter.ai/workspaces/default/keys/e7403e92cf99551168b0d12a4938314b8
22:53:12|ERROR  |key limit reached: {"error":{"message":"Key limit exceeded (daily limit). Manage it using https://openrouter.ai/workspaces/default/keys/e7403e92cf99551168b0d12a4938314b8
22:53:12|ERROR  |key limit reached: {"error":{"message":"Key limit exceeded (daily limit). Manage it using https://openrouter.ai/workspaces/default/keys/e7403e92cf99551168b0d12a4938314b8
22:53:12|ERROR  |key limit reached: {"error":{"message":"Key limit exceeded (daily limit). Manage it using https://openrouter.ai/workspaces/default/keys/e7403e92cf99551168b0d12a4938314b8
22:53:12|ERROR  |key limit reached: {"error":{"message":"Key limit exceeded (daily limit). Manage it using https://openrouter.ai/workspaces/default/keys/e7403e92cf99551168b0d12a4938314b8
22:53:12|ERROR  |key limit reached: {"error":{"message":"Key limit exceeded (daily limit). Manage it using https://openrouter.ai/workspaces/default/keys/e7403e92cf99551168b0d12a4938314b8
22:53:12|ERROR  |key limit reached: {"error":{"message":"Key limit exceeded (daily limit). Manage it using https://openrouter.ai/workspaces/default/keys/e7403e92cf99551168b0d12a4938314b8
22:53:12|ERROR  |key limit reached: {"error":{"message":"Key limit exceeded (daily limit). Manage it using https://openrouter.ai/workspaces/default/keys/e7403e92cf99551168b0d12a4938314b8
22:53:12|ERROR  |key limit reached: {"error":{"message":"Key limit exceeded (daily limit). Manage it using https://openrouter.ai/workspaces/default/keys/e7403e92cf99551168b0d12a4938314b8
22:53:12|ERROR  |key limit reached: {"error":{"message":"Key limit exceeded (daily limit). Manage it using https://openrouter.ai/workspaces/default/keys/e7403e92cf99551168b0d12a4938314b8
22:53:12|ERROR  |key limit reached: {"error":{"message":"Key limit exceeded (daily limit). Manage it using https://openrouter.ai/workspaces/default/keys/e7403e92cf99551168b0d12a4938314b8
22:53:12|ERROR  |key limit reached: {"error":{"message":"Key limit exceeded (daily limit). Manage it using https://openrouter.ai/workspaces/default/keys/e7403e92cf99551168b0d12a4938314b8
22:53:12|ERROR  |key limit reached: {"error":{"message":"Key limit exceeded (daily limit). Manage it using https://openrouter.ai/workspaces/default/keys/e7403e92cf99551168b0d12a4938314b8
22:53:12|ERROR  |key limit reached: {"error":{"message":"Key limit exceeded (daily limit). Manage it using https://openrouter.ai/workspaces/default/keys/e7403e92cf99551168b0d12a4938314b8
22:53:12|ERROR  |key limit reached: {"error":{"message":"Key limit exceeded (daily limit). Manage it using https://openrouter.ai/workspaces/default/keys/e7403e92cf99551168b0d12a4938314b8
22:53:12|ERROR  |key limit reached: {"error":{"message":"Key limit exceeded (daily limit). Manage it using https://openrouter.ai/workspaces/default/keys/e7403e92cf99551168b0d12a4938314b8
22:53:12|ERROR  |key limit reached: {"error":{"message":"Key limit exceeded (daily limit). Manage it using https://openrouter.ai/workspaces/default/keys/e7403e92cf99551168b0d12a4938314b8
22:53:12|ERROR  |key limit reached: {"error":{"message":"Key limit exceeded (daily limit). Manage it using https://openrouter.ai/workspaces/default/keys/e7403e92cf99551168b0d12a4938314b8
22:53:12|ERROR  |key limit reached: {"error":{"message":"Key limit exceeded (daily limit). Manage it using https://openrouter.ai/workspaces/default/keys/e7403e92cf99551168b0d12a4938314b8
22:53:12|INFO   |batch finished: 26 calls; spent $0.000; stop=True
22:53:12|INFO   |exported 0 labels
22:53:12|INFO   |upstream key limit hit -> waiting 10 min before the next attempt
23:03:12|INFO   |rows 6400; pending {'primary': 6400, 'second': 1011, 'trunc': 800}; spent $0.000
23:03:12|WARNING|key check failed: HTTP Error 403: Forbidden
23:03:12|INFO   |6400 jobs, 6400 to do; spent $0.000 (second $0.000)
23:03:14|ERROR  |key limit reached: {"error":{"message":"Key limit exceeded (daily limit). Manage it using https://openrouter.ai/workspaces/default/keys/e7403e92cf99551168b0d12a4938314b8
23:03:14|ERROR  |key limit reached: {"error":{"message":"Key limit exceeded (daily limit). Manage it using https://openrouter.ai/workspaces/default/keys/e7403e92cf99551168b0d12a4938314b8
23:03:23|ERROR  |key limit reached: {"error":{"message":"Key limit exceeded (daily limit). Manage it using https://openrouter.ai/workspaces/default/keys/e7403e92cf99551168b0d12a4938314b8
23:03:23|ERROR  |key limit reached: {"error":{"message":"Key limit exceeded (daily limit). Manage it using https://openrouter.ai/workspaces/default/keys/e7403e92cf99551168b0d12a4938314b8
23:03:23|ERROR  |key limit reached: {"error":{"message":"Key limit exceeded (daily limit). Manage it using https://openrouter.ai/workspaces/default/keys/e7403e92cf99551168b0d12a4938314b8
23:03:23|ERROR  |key limit reached: {"error":{"message":"Key limit exceeded (daily limit). Manage it using https://openrouter.ai/workspaces/default/keys/e7403e92cf99551168b0d12a4938314b8
23:03:23|ERROR  |key limit reached: {"error":{"message":"Key limit exceeded (daily limit). Manage it using https://openrouter.ai/workspaces/default/keys/e7403e92cf99551168b0d12a4938314b8
23:03:23|ERROR  |key limit reached: {"error":{"message":"Key limit exceeded (daily limit). Manage it using https://openrouter.ai/workspaces/default/keys/e7403e92cf99551168b0d12a4938314b8
23:03:23|ERROR  |key limit reached: {"error":{"message":"Key limit exceeded (daily limit). Manage it using https://openrouter.ai/workspaces/default/keys/e7403e92cf99551168b0d12a4938314b8
23:03:23|ERROR  |key limit reached: {"error":{"message":"Key limit exceeded (daily limit). Manage it using https://openrouter.ai/workspaces/default/keys/e7403e92cf99551168b0d12a4938314b8
23:03:23|ERROR  |key limit reached: {"error":{"message":"Key limit exceeded (daily limit). Manage it using https://openrouter.ai/workspaces/default/keys/e7403e92cf99551168b0d12a4938314b8
23:03:23|ERROR  |key limit reached: {"error":{"message":"Key limit exceeded (daily limit). Manage it using https://openrouter.ai/workspaces/default/keys/e7403e92cf99551168b0d12a4938314b8
23:03:23|ERROR  |key limit reached: {"error":{"message":"Key limit exceeded (daily limit). Manage it using https://openrouter.ai/workspaces/default/keys/e7403e92cf99551168b0d12a4938314b8
23:03:23|ERROR  |key limit reached: {"error":{"message":"Key limit exceeded (daily limit). Manage it using https://openrouter.ai/workspaces/default/keys/e7403e92cf99551168b0d12a4938314b8
23:03:23|ERROR  |key limit reached: {"error":{"message":"Key limit exceeded (daily limit). Manage it using https://openrouter.ai/workspaces/default/keys/e7403e92cf99551168b0d12a4938314b8
23:03:23|ERROR  |key limit reached: {"error":{"message":"Key limit exceeded (daily limit). Manage it using https://openrouter.ai/workspaces/default/keys/e7403e92cf99551168b0d12a4938314b8
23:03:23|ERROR  |key limit reached: {"error":{"message":"Key limit exceeded (daily limit). Manage it using https://openrouter.ai/workspaces/default/keys/e7403e92cf99551168b0d12a4938314b8
23:03:23|ERROR  |key limit reached: {"error":{"message":"Key limit exceeded (daily limit). Manage it using https://openrouter.ai/workspaces/default/keys/e7403e92cf99551168b0d12a4938314b8
23:03:23|ERROR  |key limit reached: {"error":{"message":"Key limit exceeded (daily limit). Manage it using https://openrouter.ai/workspaces/default/keys/e7403e92cf99551168b0d12a4938314b8
23:03:23|ERROR  |key limit reached: {"error":{"message":"Key limit exceeded (daily limit). Manage it using https://openrouter.ai/workspaces/default/keys/e7403e92cf99551168b0d12a4938314b8
23:03:23|ERROR  |key limit reached: {"error":{"message":"Key limit exceeded (daily limit). Manage it using https://openrouter.ai/workspaces/default/keys/e7403e92cf99551168b0d12a4938314b8
23:03:23|ERROR  |key limit reached: {"error":{"message":"Key limit exceeded (daily limit). Manage it using https://openrouter.ai/workspaces/default/keys/e7403e92cf99551168b0d12a4938314b8
23:03:23|ERROR  |key limit reached: {"error":{"message":"Key limit exceeded (daily limit). Manage it using https://openrouter.ai/workspaces/default/keys/e7403e92cf99551168b0d12a4938314b8
23:03:23|ERROR  |key limit reached: {"error":{"message":"Key limit exceeded (daily limit). Manage it using https://openrouter.ai/workspaces/default/keys/e7403e92cf99551168b0d12a4938314b8
23:03:23|INFO   |batch finished: 26 calls; spent $0.000; stop=True
23:03:23|INFO   |800 jobs, 800 to do; spent $0.000 (second $0.000)
23:03:23|ERROR  |key limit reached: {"error":{"message":"Key limit exceeded (daily limit). Manage it using https://openrouter.ai/workspaces/default/keys/e7403e92cf99551168b0d12a4938314b8
23:03:23|ERROR  |key limit reached: {"error":{"message":"Key limit exceeded (daily limit). Manage it using https://openrouter.ai/workspaces/default/keys/e7403e92cf99551168b0d12a4938314b8
23:03:23|ERROR  |key limit reached: {"error":{"message":"Key limit exceeded (daily limit). Manage it using https://openrouter.ai/workspaces/default/keys/e7403e92cf99551168b0d12a4938314b8
23:03:23|ERROR  |key limit reached: {"error":{"message":"Key limit exceeded (daily limit). Manage it using https://openrouter.ai/workspaces/default/keys/e7403e92cf99551168b0d12a4938314b8
23:03:23|ERROR  |key limit reached: {"error":{"message":"Key limit exceeded (daily limit). Manage it using https://openrouter.ai/workspaces/default/keys/e7403e92cf99551168b0d12a4938314b8
23:03:23|ERROR  |key limit reached: {"error":{"message":"Key limit exceeded (daily limit). Manage it using https://openrouter.ai/workspaces/default/keys/e7403e92cf99551168b0d12a4938314b8
23:03:23|ERROR  |key limit reached: {"error":{"message":"Key limit exceeded (daily limit). Manage it using https://openrouter.ai/workspaces/default/keys/e7403e92cf99551168b0d12a4938314b8
23:03:23|ERROR  |key limit reached: {"error":{"message":"Key limit exceeded (daily limit). Manage it using https://openrouter.ai/workspaces/default/keys/e7403e92cf99551168b0d12a4938314b8
23:03:23|ERROR  |key limit reached: {"error":{"message":"Key limit exceeded (daily limit). Manage it using https://openrouter.ai/workspaces/default/keys/e7403e92cf99551168b0d12a4938314b8
23:03:23|ERROR  |key limit reached: {"error":{"message":"Key limit exceeded (daily limit). Manage it using https://openrouter.ai/workspaces/default/keys/e7403e92cf99551168b0d12a4938314b8
23:03:23|ERROR  |key limit reached: {"error":{"message":"Key limit exceeded (daily limit). Manage it using https://openrouter.ai/workspaces/default/keys/e7403e92cf99551168b0d12a4938314b8
23:03:23|ERROR  |key limit reached: {"error":{"message":"Key limit exceeded (daily limit). Manage it using https://openrouter.ai/workspaces/default/keys/e7403e92cf99551168b0d12a4938314b8
23:03:23|ERROR  |key limit reached: {"error":{"message":"Key limit exceeded (daily limit). Manage it using https://openrouter.ai/workspaces/default/keys/e7403e92cf99551168b0d12a4938314b8
23:03:23|ERROR  |key limit reached: {"error":{"message":"Key limit exceeded (daily limit). Manage it using https://openrouter.ai/workspaces/default/keys/e7403e92cf99551168b0d12a4938314b8
23:03:23|ERROR  |key limit reached: {"error":{"message":"Key limit exceeded (daily limit). Manage it using https://openrouter.ai/workspaces/default/keys/e7403e92cf99551168b0d12a4938314b8
23:03:23|ERROR  |key limit reached: {"error":{"message":"Key limit exceeded (daily limit). Manage it using https://openrouter.ai/workspaces/default/keys/e7403e92cf99551168b0d12a4938314b8
23:03:23|ERROR  |key limit reached: {"error":{"message":"Key limit exceeded (daily limit). Manage it using https://openrouter.ai/workspaces/default/keys/e7403e92cf99551168b0d12a4938314b8
23:03:23|ERROR  |key limit reached: {"error":{"message":"Key limit exceeded (daily limit). Manage it using https://openrouter.ai/workspaces/default/keys/e7403e92cf99551168b0d12a4938314b8
23:03:23|ERROR  |key limit reached: {"error":{"message":"Key limit exceeded (daily limit). Manage it using https://openrouter.ai/workspaces/default/keys/e7403e92cf99551168b0d12a4938314b8
23:03:23|ERROR  |key limit reached: {"error":{"message":"Key limit exceeded (daily limit). Manage it using https://openrouter.ai/workspaces/default/keys/e7403e92cf99551168b0d12a4938314b8
23:03:23|ERROR  |key limit reached: {"error":{"message":"Key limit exceeded (daily limit). Manage it using https://openrouter.ai/workspaces/default/keys/e7403e92cf99551168b0d12a4938314b8
23:03:23|ERROR  |key limit reached: {"error":{"message":"Key limit exceeded (daily limit). Manage it using https://openrouter.ai/workspaces/default/keys/e7403e92cf99551168b0d12a4938314b8
23:03:23|ERROR  |key limit reached: {"error":{"message":"Key limit exceeded (daily limit). Manage it using https://openrouter.ai/workspaces/default/keys/e7403e92cf99551168b0d12a4938314b8
23:03:23|ERROR  |key limit reached: {"error":{"message":"Key limit exceeded (daily limit). Manage it using https://openrouter.ai/workspaces/default/keys/e7403e92cf99551168b0d12a4938314b8
23:03:23|INFO   |batch finished: 26 calls; spent $0.000; stop=True
23:03:23|INFO   |1011 jobs, 1011 to do; spent $0.000 (second $0.000)
23:03:24|ERROR  |key limit reached: {"error":{"message":"Key limit exceeded (daily limit). Manage it using https://openrouter.ai/workspaces/default/keys/e7403e92cf99551168b0d12a4938314b8
23:03:24|ERROR  |key limit reached: {"error":{"message":"Key limit exceeded (daily limit). Manage it using https://openrouter.ai/workspaces/default/keys/e7403e92cf99551168b0d12a4938314b8
23:03:24|ERROR  |key limit reached: {"error":{"message":"Key limit exceeded (daily limit). Manage it using https://openrouter.ai/workspaces/default/keys/e7403e92cf99551168b0d12a4938314b8
23:03:24|ERROR  |key limit reached: {"error":{"message":"Key limit exceeded (daily limit). Manage it using https://openrouter.ai/workspaces/default/keys/e7403e92cf99551168b0d12a4938314b8
23:03:24|ERROR  |key limit reached: {"error":{"message":"Key limit exceeded (daily limit). Manage it using https://openrouter.ai/workspaces/default/keys/e7403e92cf99551168b0d12a4938314b8
23:03:24|ERROR  |key limit reached: {"error":{"message":"Key limit exceeded (daily limit). Manage it using https://openrouter.ai/workspaces/default/keys/e7403e92cf99551168b0d12a4938314b8
23:03:24|ERROR  |key limit reached: {"error":{"message":"Key limit exceeded (daily limit). Manage it using https://openrouter.ai/workspaces/default/keys/e7403e92cf99551168b0d12a4938314b8
23:03:24|ERROR  |key limit reached: {"error":{"message":"Key limit exceeded (daily limit). Manage it using https://openrouter.ai/workspaces/default/keys/e7403e92cf99551168b0d12a4938314b8
23:03:24|ERROR  |key limit reached: {"error":{"message":"Key limit exceeded (daily limit). Manage it using https://openrouter.ai/workspaces/default/keys/e7403e92cf99551168b0d12a4938314b8
23:03:24|ERROR  |key limit reached: {"error":{"message":"Key limit exceeded (daily limit). Manage it using https://openrouter.ai/workspaces/default/keys/e7403e92cf99551168b0d12a4938314b8
23:03:24|ERROR  |key limit reached: {"error":{"message":"Key limit exceeded (daily limit). Manage it using https://openrouter.ai/workspaces/default/keys/e7403e92cf99551168b0d12a4938314b8
23:03:24|ERROR  |key limit reached: {"error":{"message":"Key limit exceeded (daily limit). Manage it using https://openrouter.ai/workspaces/default/keys/e7403e92cf99551168b0d12a4938314b8
23:03:24|ERROR  |key limit reached: {"error":{"message":"Key limit exceeded (daily limit). Manage it using https://openrouter.ai/workspaces/default/keys/e7403e92cf99551168b0d12a4938314b8
23:03:24|ERROR  |key limit reached: {"error":{"message":"Key limit exceeded (daily limit). Manage it using https://openrouter.ai/workspaces/default/keys/e7403e92cf99551168b0d12a4938314b8
23:03:24|ERROR  |key limit reached: {"error":{"message":"Key limit exceeded (daily limit). Manage it using https://openrouter.ai/workspaces/default/keys/e7403e92cf99551168b0d12a4938314b8
23:03:24|ERROR  |key limit reached: {"error":{"message":"Key limit exceeded (daily limit). Manage it using https://openrouter.ai/workspaces/default/keys/e7403e92cf99551168b0d12a4938314b8
23:03:24|ERROR  |key limit reached: {"error":{"message":"Key limit exceeded (daily limit). Manage it using https://openrouter.ai/workspaces/default/keys/e7403e92cf99551168b0d12a4938314b8
23:03:24|ERROR  |key limit reached: {"error":{"message":"Key limit exceeded (daily limit). Manage it using https://openrouter.ai/workspaces/default/keys/e7403e92cf99551168b0d12a4938314b8
23:03:24|ERROR  |key limit reached: {"error":{"message":"Key limit exceeded (daily limit). Manage it using https://openrouter.ai/workspaces/default/keys/e7403e92cf99551168b0d12a4938314b8
23:03:24|ERROR  |key limit reached: {"error":{"message":"Key limit exceeded (daily limit). Manage it using https://openrouter.ai/workspaces/default/keys/e7403e92cf99551168b0d12a4938314b8
23:03:24|ERROR  |key limit reached: {"error":{"message":"Key limit exceeded (daily limit). Manage it using https://openrouter.ai/workspaces/default/keys/e7403e92cf99551168b0d12a4938314b8
23:03:24|ERROR  |key limit reached: {"error":{"message":"Key limit exceeded (daily limit). Manage it using https://openrouter.ai/workspaces/default/keys/e7403e92cf99551168b0d12a4938314b8
23:03:24|ERROR  |key limit reached: {"error":{"message":"Key limit exceeded (daily limit). Manage it using https://openrouter.ai/workspaces/default/keys/e7403e92cf99551168b0d12a4938314b8
23:03:24|ERROR  |key limit reached: {"error":{"message":"Key limit exceeded (daily limit). Manage it using https://openrouter.ai/workspaces/default/keys/e7403e92cf99551168b0d12a4938314b8
23:03:24|INFO   |batch finished: 26 calls; spent $0.000; stop=True
23:03:24|INFO   |exported 0 labels
23:03:24|INFO   |upstream key limit hit -> waiting 10 min before the next attempt
23:13:24|INFO   |rows 7000; pending {'primary': 7000, 'second': 1133, 'trunc': 800}; spent $0.000
23:13:24|WARNING|key check failed: HTTP Error 403: Forbidden
23:13:24|INFO   |7000 jobs, 7000 to do; spent $0.000 (second $0.000)
23:13:25|ERROR  |key limit reached: {"error":{"message":"Key limit exceeded (daily limit). Manage it using https://openrouter.ai/workspaces/default/keys/e7403e92cf99551168b0d12a4938314b8
23:13:37|ERROR  |key limit reached: {"error":{"message":"Key limit exceeded (daily limit). Manage it using https://openrouter.ai/workspaces/default/keys/e7403e92cf99551168b0d12a4938314b8
23:13:37|ERROR  |key limit reached: {"error":{"message":"Key limit exceeded (daily limit). Manage it using https://openrouter.ai/workspaces/default/keys/e7403e92cf99551168b0d12a4938314b8
23:13:37|ERROR  |key limit reached: {"error":{"message":"Key limit exceeded (daily limit). Manage it using https://openrouter.ai/workspaces/default/keys/e7403e92cf99551168b0d12a4938314b8
23:13:37|ERROR  |key limit reached: {"error":{"message":"Key limit exceeded (daily limit). Manage it using https://openrouter.ai/workspaces/default/keys/e7403e92cf99551168b0d12a4938314b8
23:13:37|ERROR  |key limit reached: {"error":{"message":"Key limit exceeded (daily limit). Manage it using https://openrouter.ai/workspaces/default/keys/e7403e92cf99551168b0d12a4938314b8
23:13:37|ERROR  |key limit reached: {"error":{"message":"Key limit exceeded (daily limit). Manage it using https://openrouter.ai/workspaces/default/keys/e7403e92cf99551168b0d12a4938314b8
23:13:37|ERROR  |key limit reached: {"error":{"message":"Key limit exceeded (daily limit). Manage it using https://openrouter.ai/workspaces/default/keys/e7403e92cf99551168b0d12a4938314b8
23:13:37|ERROR  |key limit reached: {"error":{"message":"Key limit exceeded (daily limit). Manage it using https://openrouter.ai/workspaces/default/keys/e7403e92cf99551168b0d12a4938314b8
23:13:37|ERROR  |key limit reached: {"error":{"message":"Key limit exceeded (daily limit). Manage it using https://openrouter.ai/workspaces/default/keys/e7403e92cf99551168b0d12a4938314b8
23:13:37|ERROR  |key limit reached: {"error":{"message":"Key limit exceeded (daily limit). Manage it using https://openrouter.ai/workspaces/default/keys/e7403e92cf99551168b0d12a4938314b8
23:13:37|ERROR  |key limit reached: {"error":{"message":"Key limit exceeded (daily limit). Manage it using https://openrouter.ai/workspaces/default/keys/e7403e92cf99551168b0d12a4938314b8
23:13:37|ERROR  |key limit reached: {"error":{"message":"Key limit exceeded (daily limit). Manage it using https://openrouter.ai/workspaces/default/keys/e7403e92cf99551168b0d12a4938314b8
23:13:37|ERROR  |key limit reached: {"error":{"message":"Key limit exceeded (daily limit). Manage it using https://openrouter.ai/workspaces/default/keys/e7403e92cf99551168b0d12a4938314b8
23:13:37|ERROR  |key limit reached: {"error":{"message":"Key limit exceeded (daily limit). Manage it using https://openrouter.ai/workspaces/default/keys/e7403e92cf99551168b0d12a4938314b8
23:13:37|ERROR  |key limit reached: {"error":{"message":"Key limit exceeded (daily limit). Manage it using https://openrouter.ai/workspaces/default/keys/e7403e92cf99551168b0d12a4938314b8
23:13:37|ERROR  |key limit reached: {"error":{"message":"Key limit exceeded (daily limit). Manage it using https://openrouter.ai/workspaces/default/keys/e7403e92cf99551168b0d12a4938314b8
23:13:37|ERROR  |key limit reached: {"error":{"message":"Key limit exceeded (daily limit). Manage it using https://openrouter.ai/workspaces/default/keys/e7403e92cf99551168b0d12a4938314b8
23:13:37|ERROR  |key limit reached: {"error":{"message":"Key limit exceeded (daily limit). Manage it using https://openrouter.ai/workspaces/default/keys/e7403e92cf99551168b0d12a4938314b8
23:13:37|ERROR  |key limit reached: {"error":{"message":"Key limit exceeded (daily limit). Manage it using https://openrouter.ai/workspaces/default/keys/e7403e92cf99551168b0d12a4938314b8
23:13:37|ERROR  |key limit reached: {"error":{"message":"Key limit exceeded (daily limit). Manage it using https://openrouter.ai/workspaces/default/keys/e7403e92cf99551168b0d12a4938314b8
23:13:37|ERROR  |key limit reached: {"error":{"message":"Key limit exceeded (daily limit). Manage it using https://openrouter.ai/workspaces/default/keys/e7403e92cf99551168b0d12a4938314b8
23:13:37|ERROR  |key limit reached: {"error":{"message":"Key limit exceeded (daily limit). Manage it using https://openrouter.ai/workspaces/default/keys/e7403e92cf99551168b0d12a4938314b8
23:13:37|ERROR  |key limit reached: {"error":{"message":"Key limit exceeded (daily limit). Manage it using https://openrouter.ai/workspaces/default/keys/e7403e92cf99551168b0d12a4938314b8
23:13:37|INFO   |batch finished: 26 calls; spent $0.000; stop=True
23:13:37|INFO   |800 jobs, 800 to do; spent $0.000 (second $0.000)
23:13:37|ERROR  |key limit reached: {"error":{"message":"Key limit exceeded (daily limit). Manage it using https://openrouter.ai/workspaces/default/keys/e7403e92cf99551168b0d12a4938314b8
23:13:37|ERROR  |key limit reached: {"error":{"message":"Key limit exceeded (daily limit). Manage it using https://openrouter.ai/workspaces/default/keys/e7403e92cf99551168b0d12a4938314b8
23:13:37|ERROR  |key limit reached: {"error":{"message":"Key limit exceeded (daily limit). Manage it using https://openrouter.ai/workspaces/default/keys/e7403e92cf99551168b0d12a4938314b8
23:13:37|ERROR  |key limit reached: {"error":{"message":"Key limit exceeded (daily limit). Manage it using https://openrouter.ai/workspaces/default/keys/e7403e92cf99551168b0d12a4938314b8
23:13:37|ERROR  |key limit reached: {"error":{"message":"Key limit exceeded (daily limit). Manage it using https://openrouter.ai/workspaces/default/keys/e7403e92cf99551168b0d12a4938314b8
23:13:37|ERROR  |key limit reached: {"error":{"message":"Key limit exceeded (daily limit). Manage it using https://openrouter.ai/workspaces/default/keys/e7403e92cf99551168b0d12a4938314b8
23:13:37|ERROR  |key limit reached: {"error":{"message":"Key limit exceeded (daily limit). Manage it using https://openrouter.ai/workspaces/default/keys/e7403e92cf99551168b0d12a4938314b8
23:13:37|ERROR  |key limit reached: {"error":{"message":"Key limit exceeded (daily limit). Manage it using https://openrouter.ai/workspaces/default/keys/e7403e92cf99551168b0d12a4938314b8
23:13:37|ERROR  |key limit reached: {"error":{"message":"Key limit exceeded (daily limit). Manage it using https://openrouter.ai/workspaces/default/keys/e7403e92cf99551168b0d12a4938314b8
23:13:37|ERROR  |key limit reached: {"error":{"message":"Key limit exceeded (daily limit). Manage it using https://openrouter.ai/workspaces/default/keys/e7403e92cf99551168b0d12a4938314b8
23:13:37|ERROR  |key limit reached: {"error":{"message":"Key limit exceeded (daily limit). Manage it using https://openrouter.ai/workspaces/default/keys/e7403e92cf99551168b0d12a4938314b8
23:13:37|ERROR  |key limit reached: {"error":{"message":"Key limit exceeded (daily limit). Manage it using https://openrouter.ai/workspaces/default/keys/e7403e92cf99551168b0d12a4938314b8
23:13:37|ERROR  |key limit reached: {"error":{"message":"Key limit exceeded (daily limit). Manage it using https://openrouter.ai/workspaces/default/keys/e7403e92cf99551168b0d12a4938314b8
23:13:37|ERROR  |key limit reached: {"error":{"message":"Key limit exceeded (daily limit). Manage it using https://openrouter.ai/workspaces/default/keys/e7403e92cf99551168b0d12a4938314b8
23:13:37|ERROR  |key limit reached: {"error":{"message":"Key limit exceeded (daily limit). Manage it using https://openrouter.ai/workspaces/default/keys/e7403e92cf99551168b0d12a4938314b8
23:13:37|ERROR  |key limit reached: {"error":{"message":"Key limit exceeded (daily limit). Manage it using https://openrouter.ai/workspaces/default/keys/e7403e92cf99551168b0d12a4938314b8
23:13:37|ERROR  |key limit reached: {"error":{"message":"Key limit exceeded (daily limit). Manage it using https://openrouter.ai/workspaces/default/keys/e7403e92cf99551168b0d12a4938314b8
23:13:37|ERROR  |key limit reached: {"error":{"message":"Key limit exceeded (daily limit). Manage it using https://openrouter.ai/workspaces/default/keys/e7403e92cf99551168b0d12a4938314b8
23:13:38|ERROR  |key limit reached: {"error":{"message":"Key limit exceeded (daily limit). Manage it using https://openrouter.ai/workspaces/default/keys/e7403e92cf99551168b0d12a4938314b8
23:13:38|ERROR  |key limit reached: {"error":{"message":"Key limit exceeded (daily limit). Manage it using https://openrouter.ai/workspaces/default/keys/e7403e92cf99551168b0d12a4938314b8
23:13:38|ERROR  |key limit reached: {"error":{"message":"Key limit exceeded (daily limit). Manage it using https://openrouter.ai/workspaces/default/keys/e7403e92cf99551168b0d12a4938314b8
23:13:38|ERROR  |key limit reached: {"error":{"message":"Key limit exceeded (daily limit). Manage it using https://openrouter.ai/workspaces/default/keys/e7403e92cf99551168b0d12a4938314b8
23:13:38|ERROR  |key limit reached: {"error":{"message":"Key limit exceeded (daily limit). Manage it using https://openrouter.ai/workspaces/default/keys/e7403e92cf99551168b0d12a4938314b8
23:13:38|ERROR  |key limit reached: {"error":{"message":"Key limit exceeded (daily limit). Manage it using https://openrouter.ai/workspaces/default/keys/e7403e92cf99551168b0d12a4938314b8
23:13:38|INFO   |batch finished: 26 calls; spent $0.000; stop=True
23:13:38|INFO   |1133 jobs, 1133 to do; spent $0.000 (second $0.000)
23:13:38|ERROR  |key limit reached: {"error":{"message":"Key limit exceeded (daily limit). Manage it using https://openrouter.ai/workspaces/default/keys/e7403e92cf99551168b0d12a4938314b8
23:13:38|ERROR  |key limit reached: {"error":{"message":"Key limit exceeded (daily limit). Manage it using https://openrouter.ai/workspaces/default/keys/e7403e92cf99551168b0d12a4938314b8
23:13:38|ERROR  |key limit reached: {"error":{"message":"Key limit exceeded (daily limit). Manage it using https://openrouter.ai/workspaces/default/keys/e7403e92cf99551168b0d12a4938314b8
23:13:38|ERROR  |key limit reached: {"error":{"message":"Key limit exceeded (daily limit). Manage it using https://openrouter.ai/workspaces/default/keys/e7403e92cf99551168b0d12a4938314b8
23:13:38|ERROR  |key limit reached: {"error":{"message":"Key limit exceeded (daily limit). Manage it using https://openrouter.ai/workspaces/default/keys/e7403e92cf99551168b0d12a4938314b8
23:13:38|ERROR  |key limit reached: {"error":{"message":"Key limit exceeded (daily limit). Manage it using https://openrouter.ai/workspaces/default/keys/e7403e92cf99551168b0d12a4938314b8
23:13:38|ERROR  |key limit reached: {"error":{"message":"Key limit exceeded (daily limit). Manage it using https://openrouter.ai/workspaces/default/keys/e7403e92cf99551168b0d12a4938314b8
23:13:38|ERROR  |key limit reached: {"error":{"message":"Key limit exceeded (daily limit). Manage it using https://openrouter.ai/workspaces/default/keys/e7403e92cf99551168b0d12a4938314b8
23:13:38|ERROR  |key limit reached: {"error":{"message":"Key limit exceeded (daily limit). Manage it using https://openrouter.ai/workspaces/default/keys/e7403e92cf99551168b0d12a4938314b8
23:13:38|ERROR  |key limit reached: {"error":{"message":"Key limit exceeded (daily limit). Manage it using https://openrouter.ai/workspaces/default/keys/e7403e92cf99551168b0d12a4938314b8
23:13:38|ERROR  |key limit reached: {"error":{"message":"Key limit exceeded (daily limit). Manage it using https://openrouter.ai/workspaces/default/keys/e7403e92cf99551168b0d12a4938314b8
23:13:38|ERROR  |key limit reached: {"error":{"message":"Key limit exceeded (daily limit). Manage it using https://openrouter.ai/workspaces/default/keys/e7403e92cf99551168b0d12a4938314b8
23:13:38|ERROR  |key limit reached: {"error":{"message":"Key limit exceeded (daily limit). Manage it using https://openrouter.ai/workspaces/default/keys/e7403e92cf99551168b0d12a4938314b8
23:13:38|ERROR  |key limit reached: {"error":{"message":"Key limit exceeded (daily limit). Manage it using https://openrouter.ai/workspaces/default/keys/e7403e92cf99551168b0d12a4938314b8
23:13:38|ERROR  |key limit reached: {"error":{"message":"Key limit exceeded (daily limit). Manage it using https://openrouter.ai/workspaces/default/keys/e7403e92cf99551168b0d12a4938314b8
23:13:38|ERROR  |key limit reached: {"error":{"message":"Key limit exceeded (daily limit). Manage it using https://openrouter.ai/workspaces/default/keys/e7403e92cf99551168b0d12a4938314b8
23:13:38|ERROR  |key limit reached: {"error":{"message":"Key limit exceeded (daily limit). Manage it using https://openrouter.ai/workspaces/default/keys/e7403e92cf99551168b0d12a4938314b8
23:13:38|ERROR  |key limit reached: {"error":{"message":"Key limit exceeded (daily limit). Manage it using https://openrouter.ai/workspaces/default/keys/e7403e92cf99551168b0d12a4938314b8
23:13:38|ERROR  |key limit reached: {"error":{"message":"Key limit exceeded (daily limit). Manage it using https://openrouter.ai/workspaces/default/keys/e7403e92cf99551168b0d12a4938314b8
23:13:38|ERROR  |key limit reached: {"error":{"message":"Key limit exceeded (daily limit). Manage it using https://openrouter.ai/workspaces/default/keys/e7403e92cf99551168b0d12a4938314b8
23:13:38|ERROR  |key limit reached: {"error":{"message":"Key limit exceeded (daily limit). Manage it using https://openrouter.ai/workspaces/default/keys/e7403e92cf99551168b0d12a4938314b8
23:13:38|ERROR  |key limit reached: {"error":{"message":"Key limit exceeded (daily limit). Manage it using https://openrouter.ai/workspaces/default/keys/e7403e92cf99551168b0d12a4938314b8
23:13:38|ERROR  |key limit reached: {"error":{"message":"Key limit exceeded (daily limit). Manage it using https://openrouter.ai/workspaces/default/keys/e7403e92cf99551168b0d12a4938314b8
23:13:38|ERROR  |key limit reached: {"error":{"message":"Key limit exceeded (daily limit). Manage it using https://openrouter.ai/workspaces/default/keys/e7403e92cf99551168b0d12a4938314b8
23:13:38|INFO   |batch finished: 26 calls; spent $0.000; stop=True
23:13:38|INFO   |exported 0 labels
23:13:38|INFO   |upstream key limit hit -> waiting 10 min before the next attempt
23:23:39|INFO   |rows 8000; pending {'primary': 8000, 'second': 1284, 'trunc': 800}; spent $0.000
23:23:39|WARNING|key check failed: HTTP Error 403: Forbidden
23:23:39|INFO   |8000 jobs, 8000 to do; spent $0.000 (second $0.000)
23:23:40|ERROR  |key limit reached: {"error":{"message":"Key limit exceeded (daily limit). Manage it using https://openrouter.ai/workspaces/default/keys/e7403e92cf99551168b0d12a4938314b8
23:23:40|ERROR  |key limit reached: {"error":{"message":"Key limit exceeded (daily limit). Manage it using https://openrouter.ai/workspaces/default/keys/e7403e92cf99551168b0d12a4938314b8
23:23:49|ERROR  |key limit reached: {"error":{"message":"Key limit exceeded (daily limit). Manage it using https://openrouter.ai/workspaces/default/keys/e7403e92cf99551168b0d12a4938314b8
23:23:49|ERROR  |key limit reached: {"error":{"message":"Key limit exceeded (daily limit). Manage it using https://openrouter.ai/workspaces/default/keys/e7403e92cf99551168b0d12a4938314b8
23:23:49|ERROR  |key limit reached: {"error":{"message":"Key limit exceeded (daily limit). Manage it using https://openrouter.ai/workspaces/default/keys/e7403e92cf99551168b0d12a4938314b8
23:23:49|ERROR  |key limit reached: {"error":{"message":"Key limit exceeded (daily limit). Manage it using https://openrouter.ai/workspaces/default/keys/e7403e92cf99551168b0d12a4938314b8
23:23:49|ERROR  |key limit reached: {"error":{"message":"Key limit exceeded (daily limit). Manage it using https://openrouter.ai/workspaces/default/keys/e7403e92cf99551168b0d12a4938314b8
23:23:49|ERROR  |key limit reached: {"error":{"message":"Key limit exceeded (daily limit). Manage it using https://openrouter.ai/workspaces/default/keys/e7403e92cf99551168b0d12a4938314b8
23:23:49|ERROR  |key limit reached: {"error":{"message":"Key limit exceeded (daily limit). Manage it using https://openrouter.ai/workspaces/default/keys/e7403e92cf99551168b0d12a4938314b8
23:23:49|ERROR  |key limit reached: {"error":{"message":"Key limit exceeded (daily limit). Manage it using https://openrouter.ai/workspaces/default/keys/e7403e92cf99551168b0d12a4938314b8
23:23:49|ERROR  |key limit reached: {"error":{"message":"Key limit exceeded (daily limit). Manage it using https://openrouter.ai/workspaces/default/keys/e7403e92cf99551168b0d12a4938314b8
23:23:49|ERROR  |key limit reached: {"error":{"message":"Key limit exceeded (daily limit). Manage it using https://openrouter.ai/workspaces/default/keys/e7403e92cf99551168b0d12a4938314b8
23:23:49|ERROR  |key limit reached: {"error":{"message":"Key limit exceeded (daily limit). Manage it using https://openrouter.ai/workspaces/default/keys/e7403e92cf99551168b0d12a4938314b8
23:23:49|ERROR  |key limit reached: {"error":{"message":"Key limit exceeded (daily limit). Manage it using https://openrouter.ai/workspaces/default/keys/e7403e92cf99551168b0d12a4938314b8
23:23:49|ERROR  |key limit reached: {"error":{"message":"Key limit exceeded (daily limit). Manage it using https://openrouter.ai/workspaces/default/keys/e7403e92cf99551168b0d12a4938314b8
23:23:49|ERROR  |key limit reached: {"error":{"message":"Key limit exceeded (daily limit). Manage it using https://openrouter.ai/workspaces/default/keys/e7403e92cf99551168b0d12a4938314b8
23:23:49|ERROR  |key limit reached: {"error":{"message":"Key limit exceeded (daily limit). Manage it using https://openrouter.ai/workspaces/default/keys/e7403e92cf99551168b0d12a4938314b8
23:23:49|ERROR  |key limit reached: {"error":{"message":"Key limit exceeded (daily limit). Manage it using https://openrouter.ai/workspaces/default/keys/e7403e92cf99551168b0d12a4938314b8
23:23:49|ERROR  |key limit reached: {"error":{"message":"Key limit exceeded (daily limit). Manage it using https://openrouter.ai/workspaces/default/keys/e7403e92cf99551168b0d12a4938314b8
23:23:49|ERROR  |key limit reached: {"error":{"message":"Key limit exceeded (daily limit). Manage it using https://openrouter.ai/workspaces/default/keys/e7403e92cf99551168b0d12a4938314b8
23:23:49|ERROR  |key limit reached: {"error":{"message":"Key limit exceeded (daily limit). Manage it using https://openrouter.ai/workspaces/default/keys/e7403e92cf99551168b0d12a4938314b8
23:23:49|ERROR  |key limit reached: {"error":{"message":"Key limit exceeded (daily limit). Manage it using https://openrouter.ai/workspaces/default/keys/e7403e92cf99551168b0d12a4938314b8
23:23:49|ERROR  |key limit reached: {"error":{"message":"Key limit exceeded (daily limit). Manage it using https://openrouter.ai/workspaces/default/keys/e7403e92cf99551168b0d12a4938314b8
23:23:50|ERROR  |key limit reached: {"error":{"message":"Key limit exceeded (daily limit). Manage it using https://openrouter.ai/workspaces/default/keys/e7403e92cf99551168b0d12a4938314b8
23:23:50|INFO   |batch finished: 26 calls; spent $0.000; stop=True
23:23:50|INFO   |800 jobs, 800 to do; spent $0.000 (second $0.000)
23:23:50|ERROR  |key limit reached: {"error":{"message":"Key limit exceeded (daily limit). Manage it using https://openrouter.ai/workspaces/default/keys/e7403e92cf99551168b0d12a4938314b8
23:23:50|ERROR  |key limit reached: {"error":{"message":"Key limit exceeded (daily limit). Manage it using https://openrouter.ai/workspaces/default/keys/e7403e92cf99551168b0d12a4938314b8
23:23:50|ERROR  |key limit reached: {"error":{"message":"Key limit exceeded (daily limit). Manage it using https://openrouter.ai/workspaces/default/keys/e7403e92cf99551168b0d12a4938314b8
23:23:50|ERROR  |key limit reached: {"error":{"message":"Key limit exceeded (daily limit). Manage it using https://openrouter.ai/workspaces/default/keys/e7403e92cf99551168b0d12a4938314b8
23:23:50|ERROR  |key limit reached: {"error":{"message":"Key limit exceeded (daily limit). Manage it using https://openrouter.ai/workspaces/default/keys/e7403e92cf99551168b0d12a4938314b8
23:23:50|ERROR  |key limit reached: {"error":{"message":"Key limit exceeded (daily limit). Manage it using https://openrouter.ai/workspaces/default/keys/e7403e92cf99551168b0d12a4938314b8
23:23:50|ERROR  |key limit reached: {"error":{"message":"Key limit exceeded (daily limit). Manage it using https://openrouter.ai/workspaces/default/keys/e7403e92cf99551168b0d12a4938314b8
23:23:50|ERROR  |key limit reached: {"error":{"message":"Key limit exceeded (daily limit). Manage it using https://openrouter.ai/workspaces/default/keys/e7403e92cf99551168b0d12a4938314b8
23:23:50|ERROR  |key limit reached: {"error":{"message":"Key limit exceeded (daily limit). Manage it using https://openrouter.ai/workspaces/default/keys/e7403e92cf99551168b0d12a4938314b8
23:23:50|ERROR  |key limit reached: {"error":{"message":"Key limit exceeded (daily limit). Manage it using https://openrouter.ai/workspaces/default/keys/e7403e92cf99551168b0d12a4938314b8
23:23:50|ERROR  |key limit reached: {"error":{"message":"Key limit exceeded (daily limit). Manage it using https://openrouter.ai/workspaces/default/keys/e7403e92cf99551168b0d12a4938314b8
23:23:50|ERROR  |key limit reached: {"error":{"message":"Key limit exceeded (daily limit). Manage it using https://openrouter.ai/workspaces/default/keys/e7403e92cf99551168b0d12a4938314b8
23:23:50|ERROR  |key limit reached: {"error":{"message":"Key limit exceeded (daily limit). Manage it using https://openrouter.ai/workspaces/default/keys/e7403e92cf99551168b0d12a4938314b8
23:23:50|ERROR  |key limit reached: {"error":{"message":"Key limit exceeded (daily limit). Manage it using https://openrouter.ai/workspaces/default/keys/e7403e92cf99551168b0d12a4938314b8
23:23:50|ERROR  |key limit reached: {"error":{"message":"Key limit exceeded (daily limit). Manage it using https://openrouter.ai/workspaces/default/keys/e7403e92cf99551168b0d12a4938314b8
23:23:50|ERROR  |key limit reached: {"error":{"message":"Key limit exceeded (daily limit). Manage it using https://openrouter.ai/workspaces/default/keys/e7403e92cf99551168b0d12a4938314b8
23:23:50|ERROR  |key limit reached: {"error":{"message":"Key limit exceeded (daily limit). Manage it using https://openrouter.ai/workspaces/default/keys/e7403e92cf99551168b0d12a4938314b8
23:23:50|ERROR  |key limit reached: {"error":{"message":"Key limit exceeded (daily limit). Manage it using https://openrouter.ai/workspaces/default/keys/e7403e92cf99551168b0d12a4938314b8
23:23:50|ERROR  |key limit reached: {"error":{"message":"Key limit exceeded (daily limit). Manage it using https://openrouter.ai/workspaces/default/keys/e7403e92cf99551168b0d12a4938314b8
23:23:50|ERROR  |key limit reached: {"error":{"message":"Key limit exceeded (daily limit). Manage it using https://openrouter.ai/workspaces/default/keys/e7403e92cf99551168b0d12a4938314b8
23:23:50|ERROR  |key limit reached: {"error":{"message":"Key limit exceeded (daily limit). Manage it using https://openrouter.ai/workspaces/default/keys/e7403e92cf99551168b0d12a4938314b8
23:23:50|ERROR  |key limit reached: {"error":{"message":"Key limit exceeded (daily limit). Manage it using https://openrouter.ai/workspaces/default/keys/e7403e92cf99551168b0d12a4938314b8
23:23:50|ERROR  |key limit reached: {"error":{"message":"Key limit exceeded (daily limit). Manage it using https://openrouter.ai/workspaces/default/keys/e7403e92cf99551168b0d12a4938314b8
23:23:50|ERROR  |key limit reached: {"error":{"message":"Key limit exceeded (daily limit). Manage it using https://openrouter.ai/workspaces/default/keys/e7403e92cf99551168b0d12a4938314b8
23:23:50|INFO   |batch finished: 26 calls; spent $0.000; stop=True
23:23:50|INFO   |1284 jobs, 1284 to do; spent $0.000 (second $0.000)
23:23:50|ERROR  |key limit reached: {"error":{"message":"Key limit exceeded (daily limit). Manage it using https://openrouter.ai/workspaces/default/keys/e7403e92cf99551168b0d12a4938314b8
23:23:50|ERROR  |key limit reached: {"error":{"message":"Key limit exceeded (daily limit). Manage it using https://openrouter.ai/workspaces/default/keys/e7403e92cf99551168b0d12a4938314b8
23:23:50|ERROR  |key limit reached: {"error":{"message":"Key limit exceeded (daily limit). Manage it using https://openrouter.ai/workspaces/default/keys/e7403e92cf99551168b0d12a4938314b8
23:23:50|ERROR  |key limit reached: {"error":{"message":"Key limit exceeded (daily limit). Manage it using https://openrouter.ai/workspaces/default/keys/e7403e92cf99551168b0d12a4938314b8
23:23:50|ERROR  |key limit reached: {"error":{"message":"Key limit exceeded (daily limit). Manage it using https://openrouter.ai/workspaces/default/keys/e7403e92cf99551168b0d12a4938314b8
23:23:50|ERROR  |key limit reached: {"error":{"message":"Key limit exceeded (daily limit). Manage it using https://openrouter.ai/workspaces/default/keys/e7403e92cf99551168b0d12a4938314b8
23:23:50|ERROR  |key limit reached: {"error":{"message":"Key limit exceeded (daily limit). Manage it using https://openrouter.ai/workspaces/default/keys/e7403e92cf99551168b0d12a4938314b8
23:23:50|ERROR  |key limit reached: {"error":{"message":"Key limit exceeded (daily limit). Manage it using https://openrouter.ai/workspaces/default/keys/e7403e92cf99551168b0d12a4938314b8
23:23:50|ERROR  |key limit reached: {"error":{"message":"Key limit exceeded (daily limit). Manage it using https://openrouter.ai/workspaces/default/keys/e7403e92cf99551168b0d12a4938314b8
23:23:50|ERROR  |key limit reached: {"error":{"message":"Key limit exceeded (daily limit). Manage it using https://openrouter.ai/workspaces/default/keys/e7403e92cf99551168b0d12a4938314b8
23:23:50|ERROR  |key limit reached: {"error":{"message":"Key limit exceeded (daily limit). Manage it using https://openrouter.ai/workspaces/default/keys/e7403e92cf99551168b0d12a4938314b8
23:23:50|ERROR  |key limit reached: {"error":{"message":"Key limit exceeded (daily limit). Manage it using https://openrouter.ai/workspaces/default/keys/e7403e92cf99551168b0d12a4938314b8
23:23:50|ERROR  |key limit reached: {"error":{"message":"Key limit exceeded (daily limit). Manage it using https://openrouter.ai/workspaces/default/keys/e7403e92cf99551168b0d12a4938314b8
23:23:50|ERROR  |key limit reached: {"error":{"message":"Key limit exceeded (daily limit). Manage it using https://openrouter.ai/workspaces/default/keys/e7403e92cf99551168b0d12a4938314b8
23:23:50|ERROR  |key limit reached: {"error":{"message":"Key limit exceeded (daily limit). Manage it using https://openrouter.ai/workspaces/default/keys/e7403e92cf99551168b0d12a4938314b8
23:23:50|ERROR  |key limit reached: {"error":{"message":"Key limit exceeded (daily limit). Manage it using https://openrouter.ai/workspaces/default/keys/e7403e92cf99551168b0d12a4938314b8
23:23:50|ERROR  |key limit reached: {"error":{"message":"Key limit exceeded (daily limit). Manage it using https://openrouter.ai/workspaces/default/keys/e7403e92cf99551168b0d12a4938314b8
23:23:50|ERROR  |key limit reached: {"error":{"message":"Key limit exceeded (daily limit). Manage it using https://openrouter.ai/workspaces/default/keys/e7403e92cf99551168b0d12a4938314b8
23:23:50|ERROR  |key limit reached: {"error":{"message":"Key limit exceeded (daily limit). Manage it using https://openrouter.ai/workspaces/default/keys/e7403e92cf99551168b0d12a4938314b8
23:23:50|ERROR  |key limit reached: {"error":{"message":"Key limit exceeded (daily limit). Manage it using https://openrouter.ai/workspaces/default/keys/e7403e92cf99551168b0d12a4938314b8
23:23:50|ERROR  |key limit reached: {"error":{"message":"Key limit exceeded (daily limit). Manage it using https://openrouter.ai/workspaces/default/keys/e7403e92cf99551168b0d12a4938314b8
23:23:50|ERROR  |key limit reached: {"error":{"message":"Key limit exceeded (daily limit). Manage it using https://openrouter.ai/workspaces/default/keys/e7403e92cf99551168b0d12a4938314b8
23:23:50|ERROR  |key limit reached: {"error":{"message":"Key limit exceeded (daily limit). Manage it using https://openrouter.ai/workspaces/default/keys/e7403e92cf99551168b0d12a4938314b8
23:23:50|ERROR  |key limit reached: {"error":{"message":"Key limit exceeded (daily limit). Manage it using https://openrouter.ai/workspaces/default/keys/e7403e92cf99551168b0d12a4938314b8
23:23:50|INFO   |batch finished: 26 calls; spent $0.000; stop=True
23:23:50|INFO   |exported 0 labels
23:23:50|INFO   |upstream key limit hit -> waiting 10 min before the next attempt
23:33:51|INFO   |rows 9000; pending {'primary': 9000, 'second': 1436, 'trunc': 800}; spent $0.000
23:33:51|WARNING|key check failed: HTTP Error 403: Forbidden
23:33:51|INFO   |9000 jobs, 9000 to do; spent $0.000 (second $0.000)
23:33:51|ERROR  |key limit reached: {"error":{"message":"Key limit exceeded (daily limit). Manage it using https://openrouter.ai/workspaces/default/keys/e7403e92cf99551168b0d12a4938314b8
23:33:51|ERROR  |key limit reached: {"error":{"message":"Key limit exceeded (daily limit). Manage it using https://openrouter.ai/workspaces/default/keys/e7403e92cf99551168b0d12a4938314b8
23:33:51|ERROR  |key limit reached: {"error":{"message":"Key limit exceeded (daily limit). Manage it using https://openrouter.ai/workspaces/default/keys/e7403e92cf99551168b0d12a4938314b8
23:33:51|ERROR  |key limit reached: {"error":{"message":"Key limit exceeded (daily limit). Manage it using https://openrouter.ai/workspaces/default/keys/e7403e92cf99551168b0d12a4938314b8
23:33:51|ERROR  |key limit reached: {"error":{"message":"Key limit exceeded (daily limit). Manage it using https://openrouter.ai/workspaces/default/keys/e7403e92cf99551168b0d12a4938314b8
23:33:51|ERROR  |key limit reached: {"error":{"message":"Key limit exceeded (daily limit). Manage it using https://openrouter.ai/workspaces/default/keys/e7403e92cf99551168b0d12a4938314b8
23:33:51|ERROR  |key limit reached: {"error":{"message":"Key limit exceeded (daily limit). Manage it using https://openrouter.ai/workspaces/default/keys/e7403e92cf99551168b0d12a4938314b8
23:33:51|ERROR  |key limit reached: {"error":{"message":"Key limit exceeded (daily limit). Manage it using https://openrouter.ai/workspaces/default/keys/e7403e92cf99551168b0d12a4938314b8
23:33:51|ERROR  |key limit reached: {"error":{"message":"Key limit exceeded (daily limit). Manage it using https://openrouter.ai/workspaces/default/keys/e7403e92cf99551168b0d12a4938314b8
23:33:52|ERROR  |key limit reached: {"error":{"message":"Key limit exceeded (daily limit). Manage it using https://openrouter.ai/workspaces/default/keys/e7403e92cf99551168b0d12a4938314b8
23:33:52|ERROR  |key limit reached: {"error":{"message":"Key limit exceeded (daily limit). Manage it using https://openrouter.ai/workspaces/default/keys/e7403e92cf99551168b0d12a4938314b8
23:33:52|ERROR  |key limit reached: {"error":{"message":"Key limit exceeded (daily limit). Manage it using https://openrouter.ai/workspaces/default/keys/e7403e92cf99551168b0d12a4938314b8
23:33:52|ERROR  |key limit reached: {"error":{"message":"Key limit exceeded (daily limit). Manage it using https://openrouter.ai/workspaces/default/keys/e7403e92cf99551168b0d12a4938314b8
23:33:52|ERROR  |key limit reached: {"error":{"message":"Key limit exceeded (daily limit). Manage it using https://openrouter.ai/workspaces/default/keys/e7403e92cf99551168b0d12a4938314b8
23:33:52|ERROR  |key limit reached: {"error":{"message":"Key limit exceeded (daily limit). Manage it using https://openrouter.ai/workspaces/default/keys/e7403e92cf99551168b0d12a4938314b8
23:33:52|ERROR  |key limit reached: {"error":{"message":"Key limit exceeded (daily limit). Manage it using https://openrouter.ai/workspaces/default/keys/e7403e92cf99551168b0d12a4938314b8
23:33:52|ERROR  |key limit reached: {"error":{"message":"Key limit exceeded (daily limit). Manage it using https://openrouter.ai/workspaces/default/keys/e7403e92cf99551168b0d12a4938314b8
23:33:52|ERROR  |key limit reached: {"error":{"message":"Key limit exceeded (daily limit). Manage it using https://openrouter.ai/workspaces/default/keys/e7403e92cf99551168b0d12a4938314b8
23:33:52|ERROR  |key limit reached: {"error":{"message":"Key limit exceeded (daily limit). Manage it using https://openrouter.ai/workspaces/default/keys/e7403e92cf99551168b0d12a4938314b8
23:33:52|ERROR  |key limit reached: {"error":{"message":"Key limit exceeded (daily limit). Manage it using https://openrouter.ai/workspaces/default/keys/e7403e92cf99551168b0d12a4938314b8
23:33:52|ERROR  |key limit reached: {"error":{"message":"Key limit exceeded (daily limit). Manage it using https://openrouter.ai/workspaces/default/keys/e7403e92cf99551168b0d12a4938314b8
23:33:52|ERROR  |key limit reached: {"error":{"message":"Key limit exceeded (daily limit). Manage it using https://openrouter.ai/workspaces/default/keys/e7403e92cf99551168b0d12a4938314b8
23:33:52|ERROR  |key limit reached: {"error":{"message":"Key limit exceeded (daily limit). Manage it using https://openrouter.ai/workspaces/default/keys/e7403e92cf99551168b0d12a4938314b8
23:33:52|ERROR  |key limit reached: {"error":{"message":"Key limit exceeded (daily limit). Manage it using https://openrouter.ai/workspaces/default/keys/e7403e92cf99551168b0d12a4938314b8
23:33:52|INFO   |batch finished: 26 calls; spent $0.000; stop=True
23:33:52|INFO   |800 jobs, 800 to do; spent $0.000 (second $0.000)
23:33:52|ERROR  |key limit reached: {"error":{"message":"Key limit exceeded (daily limit). Manage it using https://openrouter.ai/workspaces/default/keys/e7403e92cf99551168b0d12a4938314b8
23:33:52|ERROR  |key limit reached: {"error":{"message":"Key limit exceeded (daily limit). Manage it using https://openrouter.ai/workspaces/default/keys/e7403e92cf99551168b0d12a4938314b8
23:33:52|ERROR  |key limit reached: {"error":{"message":"Key limit exceeded (daily limit). Manage it using https://openrouter.ai/workspaces/default/keys/e7403e92cf99551168b0d12a4938314b8
23:33:52|ERROR  |key limit reached: {"error":{"message":"Key limit exceeded (daily limit). Manage it using https://openrouter.ai/workspaces/default/keys/e7403e92cf99551168b0d12a4938314b8
23:33:52|ERROR  |key limit reached: {"error":{"message":"Key limit exceeded (daily limit). Manage it using https://openrouter.ai/workspaces/default/keys/e7403e92cf99551168b0d12a4938314b8
23:33:52|ERROR  |key limit reached: {"error":{"message":"Key limit exceeded (daily limit). Manage it using https://openrouter.ai/workspaces/default/keys/e7403e92cf99551168b0d12a4938314b8
23:33:52|ERROR  |key limit reached: {"error":{"message":"Key limit exceeded (daily limit). Manage it using https://openrouter.ai/workspaces/default/keys/e7403e92cf99551168b0d12a4938314b8
23:33:52|ERROR  |key limit reached: {"error":{"message":"Key limit exceeded (daily limit). Manage it using https://openrouter.ai/workspaces/default/keys/e7403e92cf99551168b0d12a4938314b8
23:33:52|ERROR  |key limit reached: {"error":{"message":"Key limit exceeded (daily limit). Manage it using https://openrouter.ai/workspaces/default/keys/e7403e92cf99551168b0d12a4938314b8
23:33:52|ERROR  |key limit reached: {"error":{"message":"Key limit exceeded (daily limit). Manage it using https://openrouter.ai/workspaces/default/keys/e7403e92cf99551168b0d12a4938314b8
23:33:52|ERROR  |key limit reached: {"error":{"message":"Key limit exceeded (daily limit). Manage it using https://openrouter.ai/workspaces/default/keys/e7403e92cf99551168b0d12a4938314b8
23:33:52|ERROR  |key limit reached: {"error":{"message":"Key limit exceeded (daily limit). Manage it using https://openrouter.ai/workspaces/default/keys/e7403e92cf99551168b0d12a4938314b8
23:33:52|ERROR  |key limit reached: {"error":{"message":"Key limit exceeded (daily limit). Manage it using https://openrouter.ai/workspaces/default/keys/e7403e92cf99551168b0d12a4938314b8
23:33:52|ERROR  |key limit reached: {"error":{"message":"Key limit exceeded (daily limit). Manage it using https://openrouter.ai/workspaces/default/keys/e7403e92cf99551168b0d12a4938314b8
23:33:52|ERROR  |key limit reached: {"error":{"message":"Key limit exceeded (daily limit). Manage it using https://openrouter.ai/workspaces/default/keys/e7403e92cf99551168b0d12a4938314b8
23:33:52|ERROR  |key limit reached: {"error":{"message":"Key limit exceeded (daily limit). Manage it using https://openrouter.ai/workspaces/default/keys/e7403e92cf99551168b0d12a4938314b8
23:33:52|ERROR  |key limit reached: {"error":{"message":"Key limit exceeded (daily limit). Manage it using https://openrouter.ai/workspaces/default/keys/e7403e92cf99551168b0d12a4938314b8
23:33:52|ERROR  |key limit reached: {"error":{"message":"Key limit exceeded (daily limit). Manage it using https://openrouter.ai/workspaces/default/keys/e7403e92cf99551168b0d12a4938314b8
23:33:52|ERROR  |key limit reached: {"error":{"message":"Key limit exceeded (daily limit). Manage it using https://openrouter.ai/workspaces/default/keys/e7403e92cf99551168b0d12a4938314b8
23:33:52|ERROR  |key limit reached: {"error":{"message":"Key limit exceeded (daily limit). Manage it using https://openrouter.ai/workspaces/default/keys/e7403e92cf99551168b0d12a4938314b8
23:33:52|ERROR  |key limit reached: {"error":{"message":"Key limit exceeded (daily limit). Manage it using https://openrouter.ai/workspaces/default/keys/e7403e92cf99551168b0d12a4938314b8
23:33:52|ERROR  |key limit reached: {"error":{"message":"Key limit exceeded (daily limit). Manage it using https://openrouter.ai/workspaces/default/keys/e7403e92cf99551168b0d12a4938314b8
23:33:52|ERROR  |key limit reached: {"error":{"message":"Key limit exceeded (daily limit). Manage it using https://openrouter.ai/workspaces/default/keys/e7403e92cf99551168b0d12a4938314b8
23:33:52|ERROR  |key limit reached: {"error":{"message":"Key limit exceeded (daily limit). Manage it using https://openrouter.ai/workspaces/default/keys/e7403e92cf99551168b0d12a4938314b8
23:33:52|INFO   |batch finished: 26 calls; spent $0.000; stop=True
23:33:52|INFO   |1436 jobs, 1436 to do; spent $0.000 (second $0.000)
23:33:52|ERROR  |key limit reached: {"error":{"message":"Key limit exceeded (daily limit). Manage it using https://openrouter.ai/workspaces/default/keys/e7403e92cf99551168b0d12a4938314b8
23:33:52|ERROR  |key limit reached: {"error":{"message":"Key limit exceeded (daily limit). Manage it using https://openrouter.ai/workspaces/default/keys/e7403e92cf99551168b0d12a4938314b8
23:33:52|ERROR  |key limit reached: {"error":{"message":"Key limit exceeded (daily limit). Manage it using https://openrouter.ai/workspaces/default/keys/e7403e92cf99551168b0d12a4938314b8
23:33:52|ERROR  |key limit reached: {"error":{"message":"Key limit exceeded (daily limit). Manage it using https://openrouter.ai/workspaces/default/keys/e7403e92cf99551168b0d12a4938314b8
23:33:52|ERROR  |key limit reached: {"error":{"message":"Key limit exceeded (daily limit). Manage it using https://openrouter.ai/workspaces/default/keys/e7403e92cf99551168b0d12a4938314b8
23:33:52|ERROR  |key limit reached: {"error":{"message":"Key limit exceeded (daily limit). Manage it using https://openrouter.ai/workspaces/default/keys/e7403e92cf99551168b0d12a4938314b8
23:33:52|ERROR  |key limit reached: {"error":{"message":"Key limit exceeded (daily limit). Manage it using https://openrouter.ai/workspaces/default/keys/e7403e92cf99551168b0d12a4938314b8
23:33:52|ERROR  |key limit reached: {"error":{"message":"Key limit exceeded (daily limit). Manage it using https://openrouter.ai/workspaces/default/keys/e7403e92cf99551168b0d12a4938314b8
23:33:52|ERROR  |key limit reached: {"error":{"message":"Key limit exceeded (daily limit). Manage it using https://openrouter.ai/workspaces/default/keys/e7403e92cf99551168b0d12a4938314b8
23:33:52|ERROR  |key limit reached: {"error":{"message":"Key limit exceeded (daily limit). Manage it using https://openrouter.ai/workspaces/default/keys/e7403e92cf99551168b0d12a4938314b8
23:33:52|ERROR  |key limit reached: {"error":{"message":"Key limit exceeded (daily limit). Manage it using https://openrouter.ai/workspaces/default/keys/e7403e92cf99551168b0d12a4938314b8
23:33:52|ERROR  |key limit reached: {"error":{"message":"Key limit exceeded (daily limit). Manage it using https://openrouter.ai/workspaces/default/keys/e7403e92cf99551168b0d12a4938314b8
23:33:52|ERROR  |key limit reached: {"error":{"message":"Key limit exceeded (daily limit). Manage it using https://openrouter.ai/workspaces/default/keys/e7403e92cf99551168b0d12a4938314b8
23:33:52|ERROR  |key limit reached: {"error":{"message":"Key limit exceeded (daily limit). Manage it using https://openrouter.ai/workspaces/default/keys/e7403e92cf99551168b0d12a4938314b8
23:33:52|ERROR  |key limit reached: {"error":{"message":"Key limit exceeded (daily limit). Manage it using https://openrouter.ai/workspaces/default/keys/e7403e92cf99551168b0d12a4938314b8
23:33:52|ERROR  |key limit reached: {"error":{"message":"Key limit exceeded (daily limit). Manage it using https://openrouter.ai/workspaces/default/keys/e7403e92cf99551168b0d12a4938314b8
23:33:52|ERROR  |key limit reached: {"error":{"message":"Key limit exceeded (daily limit). Manage it using https://openrouter.ai/workspaces/default/keys/e7403e92cf99551168b0d12a4938314b8
23:33:52|ERROR  |key limit reached: {"error":{"message":"Key limit exceeded (daily limit). Manage it using https://openrouter.ai/workspaces/default/keys/e7403e92cf99551168b0d12a4938314b8
23:33:52|ERROR  |key limit reached: {"error":{"message":"Key limit exceeded (daily limit). Manage it using https://openrouter.ai/workspaces/default/keys/e7403e92cf99551168b0d12a4938314b8
23:33:52|ERROR  |key limit reached: {"error":{"message":"Key limit exceeded (daily limit). Manage it using https://openrouter.ai/workspaces/default/keys/e7403e92cf99551168b0d12a4938314b8
23:33:52|ERROR  |key limit reached: {"error":{"message":"Key limit exceeded (daily limit). Manage it using https://openrouter.ai/workspaces/default/keys/e7403e92cf99551168b0d12a4938314b8
23:33:52|ERROR  |key limit reached: {"error":{"message":"Key limit exceeded (daily limit). Manage it using https://openrouter.ai/workspaces/default/keys/e7403e92cf99551168b0d12a4938314b8
23:33:52|ERROR  |key limit reached: {"error":{"message":"Key limit exceeded (daily limit). Manage it using https://openrouter.ai/workspaces/default/keys/e7403e92cf99551168b0d12a4938314b8
23:33:52|ERROR  |key limit reached: {"error":{"message":"Key limit exceeded (daily limit). Manage it using https://openrouter.ai/workspaces/default/keys/e7403e92cf99551168b0d12a4938314b8
23:33:52|INFO   |batch finished: 26 calls; spent $0.000; stop=True
23:33:53|INFO   |exported 0 labels
23:33:53|INFO   |upstream key limit hit -> waiting 10 min before the next attempt
23:43:53|INFO   |rows 9800; pending {'primary': 9800, 'second': 1562, 'trunc': 800}; spent $0.000
23:43:53|WARNING|key check failed: HTTP Error 403: Forbidden
23:43:53|INFO   |9800 jobs, 9800 to do; spent $0.000 (second $0.000)
23:43:54|ERROR  |key limit reached: {"error":{"message":"Key limit exceeded (daily limit). Manage it using https://openrouter.ai/workspaces/default/keys/e7403e92cf99551168b0d12a4938314b8
23:43:54|ERROR  |key limit reached: {"error":{"message":"Key limit exceeded (daily limit). Manage it using https://openrouter.ai/workspaces/default/keys/e7403e92cf99551168b0d12a4938314b8
23:43:54|ERROR  |key limit reached: {"error":{"message":"Key limit exceeded (daily limit). Manage it using https://openrouter.ai/workspaces/default/keys/e7403e92cf99551168b0d12a4938314b8
23:43:54|ERROR  |key limit reached: {"error":{"message":"Key limit exceeded (daily limit). Manage it using https://openrouter.ai/workspaces/default/keys/e7403e92cf99551168b0d12a4938314b8
23:43:54|ERROR  |key limit reached: {"error":{"message":"Key limit exceeded (daily limit). Manage it using https://openrouter.ai/workspaces/default/keys/e7403e92cf99551168b0d12a4938314b8
23:43:54|ERROR  |key limit reached: {"error":{"message":"Key limit exceeded (daily limit). Manage it using https://openrouter.ai/workspaces/default/keys/e7403e92cf99551168b0d12a4938314b8
23:43:54|ERROR  |key limit reached: {"error":{"message":"Key limit exceeded (daily limit). Manage it using https://openrouter.ai/workspaces/default/keys/e7403e92cf99551168b0d12a4938314b8
23:43:54|ERROR  |key limit reached: {"error":{"message":"Key limit exceeded (daily limit). Manage it using https://openrouter.ai/workspaces/default/keys/e7403e92cf99551168b0d12a4938314b8
23:43:54|ERROR  |key limit reached: {"error":{"message":"Key limit exceeded (daily limit). Manage it using https://openrouter.ai/workspaces/default/keys/e7403e92cf99551168b0d12a4938314b8
23:43:54|ERROR  |key limit reached: {"error":{"message":"Key limit exceeded (daily limit). Manage it using https://openrouter.ai/workspaces/default/keys/e7403e92cf99551168b0d12a4938314b8
23:43:54|ERROR  |key limit reached: {"error":{"message":"Key limit exceeded (daily limit). Manage it using https://openrouter.ai/workspaces/default/keys/e7403e92cf99551168b0d12a4938314b8
23:43:54|ERROR  |key limit reached: {"error":{"message":"Key limit exceeded (daily limit). Manage it using https://openrouter.ai/workspaces/default/keys/e7403e92cf99551168b0d12a4938314b8
23:43:54|ERROR  |key limit reached: {"error":{"message":"Key limit exceeded (daily limit). Manage it using https://openrouter.ai/workspaces/default/keys/e7403e92cf99551168b0d12a4938314b8
23:43:54|ERROR  |key limit reached: {"error":{"message":"Key limit exceeded (daily limit). Manage it using https://openrouter.ai/workspaces/default/keys/e7403e92cf99551168b0d12a4938314b8
23:43:54|ERROR  |key limit reached: {"error":{"message":"Key limit exceeded (daily limit). Manage it using https://openrouter.ai/workspaces/default/keys/e7403e92cf99551168b0d12a4938314b8
23:43:54|ERROR  |key limit reached: {"error":{"message":"Key limit exceeded (daily limit). Manage it using https://openrouter.ai/workspaces/default/keys/e7403e92cf99551168b0d12a4938314b8
23:43:54|ERROR  |key limit reached: {"error":{"message":"Key limit exceeded (daily limit). Manage it using https://openrouter.ai/workspaces/default/keys/e7403e92cf99551168b0d12a4938314b8
23:43:54|ERROR  |key limit reached: {"error":{"message":"Key limit exceeded (daily limit). Manage it using https://openrouter.ai/workspaces/default/keys/e7403e92cf99551168b0d12a4938314b8
23:43:54|ERROR  |key limit reached: {"error":{"message":"Key limit exceeded (daily limit). Manage it using https://openrouter.ai/workspaces/default/keys/e7403e92cf99551168b0d12a4938314b8
23:43:54|ERROR  |key limit reached: {"error":{"message":"Key limit exceeded (daily limit). Manage it using https://openrouter.ai/workspaces/default/keys/e7403e92cf99551168b0d12a4938314b8
23:43:54|ERROR  |key limit reached: {"error":{"message":"Key limit exceeded (daily limit). Manage it using https://openrouter.ai/workspaces/default/keys/e7403e92cf99551168b0d12a4938314b8
23:43:54|ERROR  |key limit reached: {"error":{"message":"Key limit exceeded (daily limit). Manage it using https://openrouter.ai/workspaces/default/keys/e7403e92cf99551168b0d12a4938314b8
23:43:54|ERROR  |key limit reached: {"error":{"message":"Key limit exceeded (daily limit). Manage it using https://openrouter.ai/workspaces/default/keys/e7403e92cf99551168b0d12a4938314b8
23:43:54|ERROR  |key limit reached: {"error":{"message":"Key limit exceeded (daily limit). Manage it using https://openrouter.ai/workspaces/default/keys/e7403e92cf99551168b0d12a4938314b8
23:43:54|INFO   |batch finished: 26 calls; spent $0.000; stop=True
23:43:54|INFO   |800 jobs, 800 to do; spent $0.000 (second $0.000)
23:43:54|ERROR  |key limit reached: {"error":{"message":"Key limit exceeded (daily limit). Manage it using https://openrouter.ai/workspaces/default/keys/e7403e92cf99551168b0d12a4938314b8
23:43:54|ERROR  |key limit reached: {"error":{"message":"Key limit exceeded (daily limit). Manage it using https://openrouter.ai/workspaces/default/keys/e7403e92cf99551168b0d12a4938314b8
23:43:54|ERROR  |key limit reached: {"error":{"message":"Key limit exceeded (daily limit). Manage it using https://openrouter.ai/workspaces/default/keys/e7403e92cf99551168b0d12a4938314b8
23:43:54|ERROR  |key limit reached: {"error":{"message":"Key limit exceeded (daily limit). Manage it using https://openrouter.ai/workspaces/default/keys/e7403e92cf99551168b0d12a4938314b8
23:43:54|ERROR  |key limit reached: {"error":{"message":"Key limit exceeded (daily limit). Manage it using https://openrouter.ai/workspaces/default/keys/e7403e92cf99551168b0d12a4938314b8
23:43:54|ERROR  |key limit reached: {"error":{"message":"Key limit exceeded (daily limit). Manage it using https://openrouter.ai/workspaces/default/keys/e7403e92cf99551168b0d12a4938314b8
23:43:54|ERROR  |key limit reached: {"error":{"message":"Key limit exceeded (daily limit). Manage it using https://openrouter.ai/workspaces/default/keys/e7403e92cf99551168b0d12a4938314b8
23:43:54|ERROR  |key limit reached: {"error":{"message":"Key limit exceeded (daily limit). Manage it using https://openrouter.ai/workspaces/default/keys/e7403e92cf99551168b0d12a4938314b8
23:43:54|ERROR  |key limit reached: {"error":{"message":"Key limit exceeded (daily limit). Manage it using https://openrouter.ai/workspaces/default/keys/e7403e92cf99551168b0d12a4938314b8
23:43:54|ERROR  |key limit reached: {"error":{"message":"Key limit exceeded (daily limit). Manage it using https://openrouter.ai/workspaces/default/keys/e7403e92cf99551168b0d12a4938314b8
23:43:54|ERROR  |key limit reached: {"error":{"message":"Key limit exceeded (daily limit). Manage it using https://openrouter.ai/workspaces/default/keys/e7403e92cf99551168b0d12a4938314b8
23:43:54|ERROR  |key limit reached: {"error":{"message":"Key limit exceeded (daily limit). Manage it using https://openrouter.ai/workspaces/default/keys/e7403e92cf99551168b0d12a4938314b8
23:43:54|ERROR  |key limit reached: {"error":{"message":"Key limit exceeded (daily limit). Manage it using https://openrouter.ai/workspaces/default/keys/e7403e92cf99551168b0d12a4938314b8
23:43:54|ERROR  |key limit reached: {"error":{"message":"Key limit exceeded (daily limit). Manage it using https://openrouter.ai/workspaces/default/keys/e7403e92cf99551168b0d12a4938314b8
23:43:54|ERROR  |key limit reached: {"error":{"message":"Key limit exceeded (daily limit). Manage it using https://openrouter.ai/workspaces/default/keys/e7403e92cf99551168b0d12a4938314b8
23:43:54|ERROR  |key limit reached: {"error":{"message":"Key limit exceeded (daily limit). Manage it using https://openrouter.ai/workspaces/default/keys/e7403e92cf99551168b0d12a4938314b8
23:43:54|ERROR  |key limit reached: {"error":{"message":"Key limit exceeded (daily limit). Manage it using https://openrouter.ai/workspaces/default/keys/e7403e92cf99551168b0d12a4938314b8
23:43:54|ERROR  |key limit reached: {"error":{"message":"Key limit exceeded (daily limit). Manage it using https://openrouter.ai/workspaces/default/keys/e7403e92cf99551168b0d12a4938314b8
23:43:54|ERROR  |key limit reached: {"error":{"message":"Key limit exceeded (daily limit). Manage it using https://openrouter.ai/workspaces/default/keys/e7403e92cf99551168b0d12a4938314b8
23:43:54|ERROR  |key limit reached: {"error":{"message":"Key limit exceeded (daily limit). Manage it using https://openrouter.ai/workspaces/default/keys/e7403e92cf99551168b0d12a4938314b8
23:43:54|ERROR  |key limit reached: {"error":{"message":"Key limit exceeded (daily limit). Manage it using https://openrouter.ai/workspaces/default/keys/e7403e92cf99551168b0d12a4938314b8
23:43:54|ERROR  |key limit reached: {"error":{"message":"Key limit exceeded (daily limit). Manage it using https://openrouter.ai/workspaces/default/keys/e7403e92cf99551168b0d12a4938314b8
23:43:54|ERROR  |key limit reached: {"error":{"message":"Key limit exceeded (daily limit). Manage it using https://openrouter.ai/workspaces/default/keys/e7403e92cf99551168b0d12a4938314b8
23:43:54|ERROR  |key limit reached: {"error":{"message":"Key limit exceeded (daily limit). Manage it using https://openrouter.ai/workspaces/default/keys/e7403e92cf99551168b0d12a4938314b8
23:43:54|INFO   |batch finished: 26 calls; spent $0.000; stop=True
23:43:54|INFO   |1562 jobs, 1562 to do; spent $0.000 (second $0.000)
23:43:55|ERROR  |key limit reached: {"error":{"message":"Key limit exceeded (daily limit). Manage it using https://openrouter.ai/workspaces/default/keys/e7403e92cf99551168b0d12a4938314b8
23:43:55|ERROR  |key limit reached: {"error":{"message":"Key limit exceeded (daily limit). Manage it using https://openrouter.ai/workspaces/default/keys/e7403e92cf99551168b0d12a4938314b8
23:43:55|ERROR  |key limit reached: {"error":{"message":"Key limit exceeded (daily limit). Manage it using https://openrouter.ai/workspaces/default/keys/e7403e92cf99551168b0d12a4938314b8
23:43:55|ERROR  |key limit reached: {"error":{"message":"Key limit exceeded (daily limit). Manage it using https://openrouter.ai/workspaces/default/keys/e7403e92cf99551168b0d12a4938314b8
23:43:55|ERROR  |key limit reached: {"error":{"message":"Key limit exceeded (daily limit). Manage it using https://openrouter.ai/workspaces/default/keys/e7403e92cf99551168b0d12a4938314b8
23:43:55|ERROR  |key limit reached: {"error":{"message":"Key limit exceeded (daily limit). Manage it using https://openrouter.ai/workspaces/default/keys/e7403e92cf99551168b0d12a4938314b8
23:43:55|ERROR  |key limit reached: {"error":{"message":"Key limit exceeded (daily limit). Manage it using https://openrouter.ai/workspaces/default/keys/e7403e92cf99551168b0d12a4938314b8
23:43:55|ERROR  |key limit reached: {"error":{"message":"Key limit exceeded (daily limit). Manage it using https://openrouter.ai/workspaces/default/keys/e7403e92cf99551168b0d12a4938314b8
23:43:55|ERROR  |key limit reached: {"error":{"message":"Key limit exceeded (daily limit). Manage it using https://openrouter.ai/workspaces/default/keys/e7403e92cf99551168b0d12a4938314b8
23:43:55|ERROR  |key limit reached: {"error":{"message":"Key limit exceeded (daily limit). Manage it using https://openrouter.ai/workspaces/default/keys/e7403e92cf99551168b0d12a4938314b8
23:43:55|ERROR  |key limit reached: {"error":{"message":"Key limit exceeded (daily limit). Manage it using https://openrouter.ai/workspaces/default/keys/e7403e92cf99551168b0d12a4938314b8
23:43:55|ERROR  |key limit reached: {"error":{"message":"Key limit exceeded (daily limit). Manage it using https://openrouter.ai/workspaces/default/keys/e7403e92cf99551168b0d12a4938314b8
23:43:55|ERROR  |key limit reached: {"error":{"message":"Key limit exceeded (daily limit). Manage it using https://openrouter.ai/workspaces/default/keys/e7403e92cf99551168b0d12a4938314b8
23:43:55|ERROR  |key limit reached: {"error":{"message":"Key limit exceeded (daily limit). Manage it using https://openrouter.ai/workspaces/default/keys/e7403e92cf99551168b0d12a4938314b8
23:43:55|ERROR  |key limit reached: {"error":{"message":"Key limit exceeded (daily limit). Manage it using https://openrouter.ai/workspaces/default/keys/e7403e92cf99551168b0d12a4938314b8
23:43:55|ERROR  |key limit reached: {"error":{"message":"Key limit exceeded (daily limit). Manage it using https://openrouter.ai/workspaces/default/keys/e7403e92cf99551168b0d12a4938314b8
23:43:55|ERROR  |key limit reached: {"error":{"message":"Key limit exceeded (daily limit). Manage it using https://openrouter.ai/workspaces/default/keys/e7403e92cf99551168b0d12a4938314b8
23:43:55|ERROR  |key limit reached: {"error":{"message":"Key limit exceeded (daily limit). Manage it using https://openrouter.ai/workspaces/default/keys/e7403e92cf99551168b0d12a4938314b8
23:43:55|ERROR  |key limit reached: {"error":{"message":"Key limit exceeded (daily limit). Manage it using https://openrouter.ai/workspaces/default/keys/e7403e92cf99551168b0d12a4938314b8
23:43:55|ERROR  |key limit reached: {"error":{"message":"Key limit exceeded (daily limit). Manage it using https://openrouter.ai/workspaces/default/keys/e7403e92cf99551168b0d12a4938314b8
23:43:55|ERROR  |key limit reached: {"error":{"message":"Key limit exceeded (daily limit). Manage it using https://openrouter.ai/workspaces/default/keys/e7403e92cf99551168b0d12a4938314b8
23:43:55|ERROR  |key limit reached: {"error":{"message":"Key limit exceeded (daily limit). Manage it using https://openrouter.ai/workspaces/default/keys/e7403e92cf99551168b0d12a4938314b8
23:43:55|ERROR  |key limit reached: {"error":{"message":"Key limit exceeded (daily limit). Manage it using https://openrouter.ai/workspaces/default/keys/e7403e92cf99551168b0d12a4938314b8
23:43:55|ERROR  |key limit reached: {"error":{"message":"Key limit exceeded (daily limit). Manage it using https://openrouter.ai/workspaces/default/keys/e7403e92cf99551168b0d12a4938314b8
23:43:55|INFO   |batch finished: 26 calls; spent $0.000; stop=True
23:43:55|INFO   |exported 0 labels
23:43:55|INFO   |upstream key limit hit -> waiting 10 min before the next attempt
23:53:55|INFO   |rows 10800; pending {'primary': 10800, 'second': 1692, 'trunc': 800}; spent $0.000
23:53:56|WARNING|key check failed: HTTP Error 403: Forbidden
23:53:56|INFO   |10800 jobs, 10800 to do; spent $0.000 (second $0.000)
23:53:56|ERROR  |key limit reached: {"error":{"message":"Key limit exceeded (daily limit). Manage it using https://openrouter.ai/workspaces/default/keys/e7403e92cf99551168b0d12a4938314b8
23:53:56|ERROR  |key limit reached: {"error":{"message":"Key limit exceeded (daily limit). Manage it using https://openrouter.ai/workspaces/default/keys/e7403e92cf99551168b0d12a4938314b8
23:53:56|ERROR  |key limit reached: {"error":{"message":"Key limit exceeded (daily limit). Manage it using https://openrouter.ai/workspaces/default/keys/e7403e92cf99551168b0d12a4938314b8
23:53:56|ERROR  |key limit reached: {"error":{"message":"Key limit exceeded (daily limit). Manage it using https://openrouter.ai/workspaces/default/keys/e7403e92cf99551168b0d12a4938314b8
23:53:56|ERROR  |key limit reached: {"error":{"message":"Key limit exceeded (daily limit). Manage it using https://openrouter.ai/workspaces/default/keys/e7403e92cf99551168b0d12a4938314b8
23:53:56|ERROR  |key limit reached: {"error":{"message":"Key limit exceeded (daily limit). Manage it using https://openrouter.ai/workspaces/default/keys/e7403e92cf99551168b0d12a4938314b8
23:53:56|ERROR  |key limit reached: {"error":{"message":"Key limit exceeded (daily limit). Manage it using https://openrouter.ai/workspaces/default/keys/e7403e92cf99551168b0d12a4938314b8
23:53:56|ERROR  |key limit reached: {"error":{"message":"Key limit exceeded (daily limit). Manage it using https://openrouter.ai/workspaces/default/keys/e7403e92cf99551168b0d12a4938314b8
23:53:56|ERROR  |key limit reached: {"error":{"message":"Key limit exceeded (daily limit). Manage it using https://openrouter.ai/workspaces/default/keys/e7403e92cf99551168b0d12a4938314b8
23:53:56|ERROR  |key limit reached: {"error":{"message":"Key limit exceeded (daily limit). Manage it using https://openrouter.ai/workspaces/default/keys/e7403e92cf99551168b0d12a4938314b8
23:53:56|ERROR  |key limit reached: {"error":{"message":"Key limit exceeded (daily limit). Manage it using https://openrouter.ai/workspaces/default/keys/e7403e92cf99551168b0d12a4938314b8
23:53:56|ERROR  |key limit reached: {"error":{"message":"Key limit exceeded (daily limit). Manage it using https://openrouter.ai/workspaces/default/keys/e7403e92cf99551168b0d12a4938314b8
23:53:56|ERROR  |key limit reached: {"error":{"message":"Key limit exceeded (daily limit). Manage it using https://openrouter.ai/workspaces/default/keys/e7403e92cf99551168b0d12a4938314b8
23:53:56|ERROR  |key limit reached: {"error":{"message":"Key limit exceeded (daily limit). Manage it using https://openrouter.ai/workspaces/default/keys/e7403e92cf99551168b0d12a4938314b8
23:53:56|ERROR  |key limit reached: {"error":{"message":"Key limit exceeded (daily limit). Manage it using https://openrouter.ai/workspaces/default/keys/e7403e92cf99551168b0d12a4938314b8
23:53:56|ERROR  |key limit reached: {"error":{"message":"Key limit exceeded (daily limit). Manage it using https://openrouter.ai/workspaces/default/keys/e7403e92cf99551168b0d12a4938314b8
23:53:56|ERROR  |key limit reached: {"error":{"message":"Key limit exceeded (daily limit). Manage it using https://openrouter.ai/workspaces/default/keys/e7403e92cf99551168b0d12a4938314b8
23:53:56|ERROR  |key limit reached: {"error":{"message":"Key limit exceeded (daily limit). Manage it using https://openrouter.ai/workspaces/default/keys/e7403e92cf99551168b0d12a4938314b8
23:53:56|ERROR  |key limit reached: {"error":{"message":"Key limit exceeded (daily limit). Manage it using https://openrouter.ai/workspaces/default/keys/e7403e92cf99551168b0d12a4938314b8
23:53:56|ERROR  |key limit reached: {"error":{"message":"Key limit exceeded (daily limit). Manage it using https://openrouter.ai/workspaces/default/keys/e7403e92cf99551168b0d12a4938314b8
23:53:56|ERROR  |key limit reached: {"error":{"message":"Key limit exceeded (daily limit). Manage it using https://openrouter.ai/workspaces/default/keys/e7403e92cf99551168b0d12a4938314b8
23:53:56|ERROR  |key limit reached: {"error":{"message":"Key limit exceeded (daily limit). Manage it using https://openrouter.ai/workspaces/default/keys/e7403e92cf99551168b0d12a4938314b8
23:53:56|ERROR  |key limit reached: {"error":{"message":"Key limit exceeded (daily limit). Manage it using https://openrouter.ai/workspaces/default/keys/e7403e92cf99551168b0d12a4938314b8
23:53:56|ERROR  |key limit reached: {"error":{"message":"Key limit exceeded (daily limit). Manage it using https://openrouter.ai/workspaces/default/keys/e7403e92cf99551168b0d12a4938314b8
23:53:56|INFO   |batch finished: 26 calls; spent $0.000; stop=True
23:53:56|INFO   |800 jobs, 800 to do; spent $0.000 (second $0.000)
23:53:56|ERROR  |key limit reached: {"error":{"message":"Key limit exceeded (daily limit). Manage it using https://openrouter.ai/workspaces/default/keys/e7403e92cf99551168b0d12a4938314b8
23:53:56|ERROR  |key limit reached: {"error":{"message":"Key limit exceeded (daily limit). Manage it using https://openrouter.ai/workspaces/default/keys/e7403e92cf99551168b0d12a4938314b8
23:53:56|ERROR  |key limit reached: {"error":{"message":"Key limit exceeded (daily limit). Manage it using https://openrouter.ai/workspaces/default/keys/e7403e92cf99551168b0d12a4938314b8
23:53:56|ERROR  |key limit reached: {"error":{"message":"Key limit exceeded (daily limit). Manage it using https://openrouter.ai/workspaces/default/keys/e7403e92cf99551168b0d12a4938314b8
23:53:56|ERROR  |key limit reached: {"error":{"message":"Key limit exceeded (daily limit). Manage it using https://openrouter.ai/workspaces/default/keys/e7403e92cf99551168b0d12a4938314b8
23:53:56|ERROR  |key limit reached: {"error":{"message":"Key limit exceeded (daily limit). Manage it using https://openrouter.ai/workspaces/default/keys/e7403e92cf99551168b0d12a4938314b8
23:53:56|ERROR  |key limit reached: {"error":{"message":"Key limit exceeded (daily limit). Manage it using https://openrouter.ai/workspaces/default/keys/e7403e92cf99551168b0d12a4938314b8
23:53:56|ERROR  |key limit reached: {"error":{"message":"Key limit exceeded (daily limit). Manage it using https://openrouter.ai/workspaces/default/keys/e7403e92cf99551168b0d12a4938314b8
23:53:56|ERROR  |key limit reached: {"error":{"message":"Key limit exceeded (daily limit). Manage it using https://openrouter.ai/workspaces/default/keys/e7403e92cf99551168b0d12a4938314b8
23:53:56|ERROR  |key limit reached: {"error":{"message":"Key limit exceeded (daily limit). Manage it using https://openrouter.ai/workspaces/default/keys/e7403e92cf99551168b0d12a4938314b8
23:53:56|ERROR  |key limit reached: {"error":{"message":"Key limit exceeded (daily limit). Manage it using https://openrouter.ai/workspaces/default/keys/e7403e92cf99551168b0d12a4938314b8
23:53:56|ERROR  |key limit reached: {"error":{"message":"Key limit exceeded (daily limit). Manage it using https://openrouter.ai/workspaces/default/keys/e7403e92cf99551168b0d12a4938314b8
23:53:56|ERROR  |key limit reached: {"error":{"message":"Key limit exceeded (daily limit). Manage it using https://openrouter.ai/workspaces/default/keys/e7403e92cf99551168b0d12a4938314b8
23:53:56|ERROR  |key limit reached: {"error":{"message":"Key limit exceeded (daily limit). Manage it using https://openrouter.ai/workspaces/default/keys/e7403e92cf99551168b0d12a4938314b8
23:53:56|ERROR  |key limit reached: {"error":{"message":"Key limit exceeded (daily limit). Manage it using https://openrouter.ai/workspaces/default/keys/e7403e92cf99551168b0d12a4938314b8
23:53:56|ERROR  |key limit reached: {"error":{"message":"Key limit exceeded (daily limit). Manage it using https://openrouter.ai/workspaces/default/keys/e7403e92cf99551168b0d12a4938314b8
23:53:56|ERROR  |key limit reached: {"error":{"message":"Key limit exceeded (daily limit). Manage it using https://openrouter.ai/workspaces/default/keys/e7403e92cf99551168b0d12a4938314b8
23:53:56|ERROR  |key limit reached: {"error":{"message":"Key limit exceeded (daily limit). Manage it using https://openrouter.ai/workspaces/default/keys/e7403e92cf99551168b0d12a4938314b8
23:53:56|ERROR  |key limit reached: {"error":{"message":"Key limit exceeded (daily limit). Manage it using https://openrouter.ai/workspaces/default/keys/e7403e92cf99551168b0d12a4938314b8
23:53:56|ERROR  |key limit reached: {"error":{"message":"Key limit exceeded (daily limit). Manage it using https://openrouter.ai/workspaces/default/keys/e7403e92cf99551168b0d12a4938314b8
23:53:56|ERROR  |key limit reached: {"error":{"message":"Key limit exceeded (daily limit). Manage it using https://openrouter.ai/workspaces/default/keys/e7403e92cf99551168b0d12a4938314b8
23:53:56|ERROR  |key limit reached: {"error":{"message":"Key limit exceeded (daily limit). Manage it using https://openrouter.ai/workspaces/default/keys/e7403e92cf99551168b0d12a4938314b8
23:53:56|ERROR  |key limit reached: {"error":{"message":"Key limit exceeded (daily limit). Manage it using https://openrouter.ai/workspaces/default/keys/e7403e92cf99551168b0d12a4938314b8
23:53:58|ERROR  |key limit reached: {"error":{"message":"Key limit exceeded (daily limit). Manage it using https://openrouter.ai/workspaces/default/keys/e7403e92cf99551168b0d12a4938314b8
23:53:58|INFO   |batch finished: 26 calls; spent $0.000; stop=True
23:53:58|INFO   |1692 jobs, 1692 to do; spent $0.000 (second $0.000)
23:53:58|ERROR  |key limit reached: {"error":{"message":"Key limit exceeded (daily limit). Manage it using https://openrouter.ai/workspaces/default/keys/e7403e92cf99551168b0d12a4938314b8
23:53:58|ERROR  |key limit reached: {"error":{"message":"Key limit exceeded (daily limit). Manage it using https://openrouter.ai/workspaces/default/keys/e7403e92cf99551168b0d12a4938314b8
23:53:58|ERROR  |key limit reached: {"error":{"message":"Key limit exceeded (daily limit). Manage it using https://openrouter.ai/workspaces/default/keys/e7403e92cf99551168b0d12a4938314b8
23:53:58|ERROR  |key limit reached: {"error":{"message":"Key limit exceeded (daily limit). Manage it using https://openrouter.ai/workspaces/default/keys/e7403e92cf99551168b0d12a4938314b8
23:53:58|ERROR  |key limit reached: {"error":{"message":"Key limit exceeded (daily limit). Manage it using https://openrouter.ai/workspaces/default/keys/e7403e92cf99551168b0d12a4938314b8
23:53:58|ERROR  |key limit reached: {"error":{"message":"Key limit exceeded (daily limit). Manage it using https://openrouter.ai/workspaces/default/keys/e7403e92cf99551168b0d12a4938314b8
23:53:58|ERROR  |key limit reached: {"error":{"message":"Key limit exceeded (daily limit). Manage it using https://openrouter.ai/workspaces/default/keys/e7403e92cf99551168b0d12a4938314b8
23:53:58|ERROR  |key limit reached: {"error":{"message":"Key limit exceeded (daily limit). Manage it using https://openrouter.ai/workspaces/default/keys/e7403e92cf99551168b0d12a4938314b8
23:53:59|ERROR  |key limit reached: {"error":{"message":"Key limit exceeded (daily limit). Manage it using https://openrouter.ai/workspaces/default/keys/e7403e92cf99551168b0d12a4938314b8
23:53:59|ERROR  |key limit reached: {"error":{"message":"Key limit exceeded (daily limit). Manage it using https://openrouter.ai/workspaces/default/keys/e7403e92cf99551168b0d12a4938314b8
23:53:59|ERROR  |key limit reached: {"error":{"message":"Key limit exceeded (daily limit). Manage it using https://openrouter.ai/workspaces/default/keys/e7403e92cf99551168b0d12a4938314b8
23:53:59|ERROR  |key limit reached: {"error":{"message":"Key limit exceeded (daily limit). Manage it using https://openrouter.ai/workspaces/default/keys/e7403e92cf99551168b0d12a4938314b8
23:53:59|ERROR  |key limit reached: {"error":{"message":"Key limit exceeded (daily limit). Manage it using https://openrouter.ai/workspaces/default/keys/e7403e92cf99551168b0d12a4938314b8
23:53:59|ERROR  |key limit reached: {"error":{"message":"Key limit exceeded (daily limit). Manage it using https://openrouter.ai/workspaces/default/keys/e7403e92cf99551168b0d12a4938314b8
23:53:59|ERROR  |key limit reached: {"error":{"message":"Key limit exceeded (daily limit). Manage it using https://openrouter.ai/workspaces/default/keys/e7403e92cf99551168b0d12a4938314b8
23:53:59|ERROR  |key limit reached: {"error":{"message":"Key limit exceeded (daily limit). Manage it using https://openrouter.ai/workspaces/default/keys/e7403e92cf99551168b0d12a4938314b8
23:53:59|ERROR  |key limit reached: {"error":{"message":"Key limit exceeded (daily limit). Manage it using https://openrouter.ai/workspaces/default/keys/e7403e92cf99551168b0d12a4938314b8
23:53:59|ERROR  |key limit reached: {"error":{"message":"Key limit exceeded (daily limit). Manage it using https://openrouter.ai/workspaces/default/keys/e7403e92cf99551168b0d12a4938314b8
23:53:59|ERROR  |key limit reached: {"error":{"message":"Key limit exceeded (daily limit). Manage it using https://openrouter.ai/workspaces/default/keys/e7403e92cf99551168b0d12a4938314b8
23:53:59|ERROR  |key limit reached: {"error":{"message":"Key limit exceeded (daily limit). Manage it using https://openrouter.ai/workspaces/default/keys/e7403e92cf99551168b0d12a4938314b8
23:53:59|ERROR  |key limit reached: {"error":{"message":"Key limit exceeded (daily limit). Manage it using https://openrouter.ai/workspaces/default/keys/e7403e92cf99551168b0d12a4938314b8
23:53:59|ERROR  |key limit reached: {"error":{"message":"Key limit exceeded (daily limit). Manage it using https://openrouter.ai/workspaces/default/keys/e7403e92cf99551168b0d12a4938314b8
23:53:59|ERROR  |key limit reached: {"error":{"message":"Key limit exceeded (daily limit). Manage it using https://openrouter.ai/workspaces/default/keys/e7403e92cf99551168b0d12a4938314b8
23:53:59|ERROR  |key limit reached: {"error":{"message":"Key limit exceeded (daily limit). Manage it using https://openrouter.ai/workspaces/default/keys/e7403e92cf99551168b0d12a4938314b8
23:53:59|INFO   |batch finished: 26 calls; spent $0.000; stop=True
23:53:59|INFO   |exported 0 labels
23:53:59|INFO   |upstream key limit hit -> waiting 10 min before the next attempt
00:03:59|INFO   |rows 11800; pending {'primary': 11800, 'second': 1869, 'trunc': 800}; spent $0.000
00:03:59|WARNING|key check failed: HTTP Error 403: Forbidden
00:03:59|INFO   |11800 jobs, 11800 to do; spent $0.000 (second $0.000)
00:04:35|INFO   |  1000 calls; spent $0.094 (second $0.000)
00:05:27|INFO   |  2000 calls; spent $0.189 (second $0.000)
00:06:57|INFO   |  3000 calls; spent $0.285 (second $0.000)
00:08:50|INFO   |  4000 calls; spent $0.379 (second $0.000)
00:10:11|INFO   |  5000 calls; spent $0.473 (second $0.000)
00:11:30|INFO   |  6000 calls; spent $0.570 (second $0.000)
00:12:47|INFO   |  7000 calls; spent $0.649 (second $0.000)
00:14:10|INFO   |  8000 calls; spent $0.725 (second $0.000)
00:16:28|INFO   |  9000 calls; spent $0.800 (second $0.000)
00:18:39|INFO   |  10000 calls; spent $0.876 (second $0.000)
00:21:03|INFO   |  11000 calls; spent $0.951 (second $0.000)
00:23:22|INFO   |batch finished: 11800 calls; spent $1.003; stop=False
00:23:22|INFO   |800 jobs, 800 to do; spent $1.003 (second $0.000)
00:25:18|INFO   |batch finished: 800 calls; spent $1.058; stop=False
00:25:18|INFO   |1869 jobs, 1869 to do; spent $1.058 (second $0.000)
00:25:21|INFO   |  1000 calls; spent $1.058 (second $0.000)
00:25:22|INFO   |batch finished: 1869 calls; spent $1.058; stop=False
00:25:23|INFO   |exported 12499 labels
00:26:23|INFO   |rows 13000; pending {'primary': 1233, 'second': 2058, 'trunc': 68}; spent $1.058
00:26:23|WARNING|key check failed: HTTP Error 403: Forbidden
00:26:23|INFO   |13000 jobs, 1233 to do; spent $1.058 (second $0.000)
00:26:26|INFO   |  1000 calls; spent $1.058 (second $0.000)
00:26:26|INFO   |batch finished: 1233 calls; spent $1.058; stop=False
00:26:26|INFO   |800 jobs, 68 to do; spent $1.058 (second $0.000)
00:26:26|INFO   |batch finished: 68 calls; spent $1.058; stop=False
00:26:27|INFO   |2058 jobs, 2058 to do; spent $1.058 (second $0.000)
00:26:29|INFO   |  1000 calls; spent $1.058 (second $0.000)
00:26:31|INFO   |  2000 calls; spent $1.058 (second $0.000)
00:26:31|INFO   |batch finished: 2058 calls; spent $1.058; stop=False
00:26:31|INFO   |exported 12499 labels
00:27:32|INFO   |rows 13400; pending {'primary': 1633, 'second': 2124, 'trunc': 68}; spent $1.058
00:27:32|WARNING|key check failed: HTTP Error 403: Forbidden
00:27:32|INFO   |13400 jobs, 1633 to do; spent $1.058 (second $0.000)
00:27:34|INFO   |  1000 calls; spent $1.058 (second $0.000)
00:27:36|INFO   |batch finished: 1633 calls; spent $1.058; stop=False
00:27:36|INFO   |800 jobs, 68 to do; spent $1.058 (second $0.000)
00:27:36|INFO   |batch finished: 68 calls; spent $1.058; stop=False
00:27:36|INFO   |2124 jobs, 2124 to do; spent $1.058 (second $0.000)
00:27:38|INFO   |  1000 calls; spent $1.058 (second $0.000)
00:27:40|INFO   |  2000 calls; spent $1.058 (second $0.000)
00:27:40|INFO   |batch finished: 2124 calls; spent $1.058; stop=False
00:27:41|INFO   |exported 12499 labels
00:28:41|INFO   |rows 13400; pending {'primary': 1633, 'second': 2124, 'trunc': 68}; spent $1.058
00:28:41|WARNING|key check failed: HTTP Error 403: Forbidden
00:28:42|INFO   |13400 jobs, 1633 to do; spent $1.058 (second $0.000)
00:31:40|INFO   |  1000 calls; spent $1.065 (second $0.000)
00:32:15|INFO   |batch finished: 1633 calls; spent $1.065; stop=False
00:32:15|INFO   |800 jobs, 68 to do; spent $1.065 (second $0.000)
00:32:19|INFO   |batch finished: 68 calls; spent $1.065; stop=False
00:32:19|INFO   |2124 jobs, 2124 to do; spent $1.065 (second $0.000)
